"","Acacia","Acalypha","Acanthaceae","Achyranthes","Acrostichum","Agathis","Agathis australis","Albizia","Aleurites","Alphitonia","Alternanthera","Alyxia","Amaranthaceae","Amaranthus","Anacardiaceae","Anacolosa","Annonaceae","Anthoceros","Antidesma","Antirhea","Apiaceae","Apium prostratum","Apocynaceae","Apodytes clusiifolia","Araceae","Araliaceae","Araucaria","Ardisia","Arecaceae","Argophyllaceae","Aristotelia","Arytera","Ascarina","Ascarina lucida","Asparagaceae","Aspleniaceae","Asplenium","Astelia","Asteraceae","Austrobuxus","Avicennia marina","Baccaurea","Balanops","Barringtonia","Bignoniaceae","Bischofia","Blechnum","Boraginaceae","Brassicaceae","Burseraceae","Cal_yrs_BP","Callitriche","Callitris","Calophyllaceae","Calophyllum","Calycosia","Calystegia","Canarium","Canavalia","Cannabaceae","Caprifoliaceae","Cardiopteridaceae","Cardiospermum","Carex","Caryophyllaceae","Casuarina","Casuarinaceae","Celastraceae","Celtis","Cerberiopsis","Chrysobalanaceae","Claoxylon","Clematis","Clethraceae","Clusiaceae","Cocos","Cocos nucifera","Codia","Colocasia","Colocasia esculenta","Combretaceae","Combretum","Commelina","Commersonia","Convolvulaceae","Coprosma","Cordyline","Coriaria","Corynocarpus","Cucurbitaceae","Cunoniaceae","Cupaniopsis","Cuphea","Cyathea","Cyatheaceae","Cycadaceae","Cyclophyllum barbatum","Cyperaceae","Cyperus","Cyrtandra","Dacrycarpus","Dacrycarpus dacrydioides","Dacrydium","Dacrydium cupressinum","Decaisnina forsteriana","Decaspermum","Dennstaedtiaceae","Desmodium","Dianella","Dicksonia","Dicranopteris","Dicranopteris linearis","Dillenia","Dilleniaceae","Diospyros","Dodonaea","Dodonaea viscosa","Dolicholobium","Dracaena","Dysoxylum","Ebenaceae","Elaeocarpaceae","Elaeocarpus","Elattostachys","Eleocharis","Embelia","Endospermum","Ericaceae","Erythrina","Erythrina variegata","Escalloniaceae","Euodia","Euphorbia","Euphorbiaceae","Excoecaria","Exocarpos","Fabaceae","Fagraea","Ficus","Fimbristylis","Flagellaria","Flagellariaceae","Freycinetia","Garcinia","Gardenia","Garuga","Geniostoma","Geranium","Gesneriaceae","Glochidion","Goodeniaceae","Grewia","Group.1","Guettarda","Guioa","Gunneraceae","Gymnosporia","Gymnostoma","Haloragaceae","Haloragis","Hedycarya","Hemionitis","Heritiera","Hernandia","Hibbertia","Hibiscus","Histiopteris incisa","Homalanthus","Homalium","Huperzia varia","Hydrocharitaceae","Hymenophyllaceae","Hymenophyllum","Hypolepis","Ilex","Ipomoea","Ixora","Jasminum","Joinvillea","Juncus","Kermadecia","Knightia","Lamiaceae","Lauraceae","Laurelia","Lecythidaceae","Leea","Lepidosperma","Leptospermum","Libocedrus","Liliaceae","Lindsaeaceae","Liquidambar","Loganiaceae","Longetia","Loranthaceae","Ludwigia","Lumnitzera","Lycopodiaceae","Lycopodiella","Lycopodiella cernua","Lycopodiella lateralis","Lycopodium","Lycopodium scariosum","Lycopodium volubile","Lygodium","Lythraceae","Lythrum","Macaranga","Macrolearia colensoi","Maesa","Mallotus","Malpighiaceae","Malvaceae","Marattiaceae","Maytenus","Melaleuca","Melastoma","Melastomataceae","Meliaceae","Melicope","Melicytus","Melochia","Menyanthaceae","Meryta","Metrosideros","Metroxylon","Metroxylon vitiense","Microsorum","Monimiaceae","Moraceae","Muehlenbeckia","Mussaenda","Myoporum","Myoporum rapense","Myriophyllum","Myristica","Myrsine","Myrtaceae","Neonauclea","Neopanax arboreus","Nepenthes","Nestegis","Neuburgia","Nothofagus","Nyctaginaceae","Nymphoides","Nymphoides indica","Olacaceae","Oleaceae","Onagraceae","Ophioglossum","Ophiorrhiza","Orchidaceae","Oxalis","Paesia","Palaquium","Pandanaceae","Pandanus","Pandanus tectorius","Paracryphiaceae","Parinari","Parsonsia","Pectinopitys ferruginea","Phaleria","Phormium","Phyllanthaceae","Phyllanthus","Phyllocladus","Phytolaccaceae","Picrodendraceae","Pinaceae","Pinus","Piper","Piperaceae","Pisonia","Pittosporaceae","Pittosporum","Planchonella","Plantaginaceae","Plantago","Plerandra","Poaceae","Podocarpaceae","Podocarpus","Polygala","Polygonaceae","Polygonum","Polypodiaceae","Polypodium","Polyscias","Portulacaceae","Potamogeton","Potamogetonaceae","Primulaceae","Proteaceae","Prumnopitys taxifolia","Psidium guajava","Psilotum","Psychotria","Pteridaceae","Pteridium","Pteridium esculentum","Pteris","Pteris berteroana","Pteris tremula","Pyrrosia","Quintinia","Randia","Ranunculaceae","Ranunculus","Rauvolfia","Rhamnaceae","Rhizophora","Rhizophoraceae","Rhopalostylis sapida","Rhus","Rosaceae","Rubiaceae","Rumex","Rutaceae","Salacia","Salicaceae","Sapindaceae","Sapotaceae","Saurauia","Scaevola","Scaevola taccada","Schefflera","Schizaea","Schoenus","Selaginella","Selaginella kraussiana","Sigesbeckia orientalis","Simaroubaceae","Site","Sloanea","Smilacaceae","Solanaceae","Solanum","Sonchus","Sophora","Sophora tomentosa","Stachytarpheta","Stemonuraceae","Stenochlaena","Stenochlaena palustris","Streblus","Symplocos","Syzygium","Tapeinosperma","Terminalia","Thelypteris","Thymelaeaceae","Timonius","Trema","Trifolium","Triumfetta","Typha","Typha latifolia","Typha orientalis","Typhaceae","Ulex europaeus","Ulmaceae","Urena","Urticaceae","Verbenaceae","Veronica","Vigna","Vitaceae","Vitex lucens","Weinmannia","Xanthomyrtus"
"1",0,0,0,0,0,0,0,0,0,0,0,0,0,0,0,0,0,0,0,0,0,0,0,0,0,0,0,0,0.364298724954463,0,0,0,0.182149362477231,0,0,0,0,0,0.182149362477231,0,0,0,0,0,0,0,0,0,0,0,305,0,0,0,0,0,0,0,0,0,0,0,0,0,0,0,51.183970856102,0,0,0,0,0,0,0,0,0,0,0,0,0,0,0,0,0,0,0,0,0,0.182149362477231,0,0,0,0,0,0.910746812386157,0,0,20.2185792349727,0,0,0,0,0,0,0,0,0,0,0,0,0,0,0,0,0,0,0,0,0,0,0,0,0,0,0,0,0,0,0,0,0,0,0,0,0,0,0,0,0,0,0,0,0,0,0,0,0,0,0,0,0,0,"(-100,400]",0,0,0,0,0,0,0,0,0,0,0,0,0,0,0,0,0,0,0,0,0,0.182149362477231,0,0,0,0,0,0,0,0,0,0,0,0,0,0,0,0,1.27504553734062,0,0,0,0,0,0,0,0,0,0,3.27868852459016,0,0,0,0,0,0.546448087431694,0,0,0,0,0,0,0,6.19307832422587,0,0,0,0,0,0,0,0,0,0,0,0,0,0,0,0,0,0,0,0,0,4.91803278688525,0,0,0,0,0,1.09289617486339,0,0,0,0,0,0,0,0,0,0,0,0,0,0.182149362477231,0,0,0,0,0,0,0,0,0,0,0,0,0,0,0,0,0,0,0,0,0,0,0,2.73224043715847,0,0,0,0,0,0.182149362477231,0,0,0,0,0,0,0.182149362477231,0,0,0,0,0,0,6.01092896174863,0,0,0,0,0,0,0,0,0,0,0,0,0,0,0,0,0,0,0,0,0,0,0,0,0,0,0,0,0,0,0,0,"plu",0,0,0,0,0,0,0,0,0,0,0,0,0,0,0,0,0,0,0,0,0,0,0,0,0,0,0,0,0,0,0,0,0,0,0,0,0
"2",0,0,0,0,0,0,0,0,0,0,0,0,0,0,0,0,0,8.43773978819586,0,0,0,0,0,0,0,0.0555555555555556,0,0,0,0,0,0,0,0.0314465408805031,0,0.0870020964360587,0,0,0.0986193293885602,0,0,0,0,0,0,0,0,0,0.515450361604208,0,304.533333333333,0,0,0,0,0,0,0,0,0,0,0,0,8.33743648270496,0,0,0,0,0,0,0,0,0,0,0,0,0,0,0,0,0,0,0,0,0,0.13828414771811,0.302916038210156,1.73909159969059,0,0,0,0,0,6.54229087140314,0,0,0,0,0,0,0,0.0314465408805031,0,1.59774353817049,0,0,0,0,0,0,0,0,0,0,0,0,0,0,0,0,0,0,0,0,0.147348880380555,0,0,0,0,0,0,0,0,0,0,0,0.0512820512820513,0,0,0,0,0,0,0,0,0,0,0.238540634335194,0,0,0,0,"(-100,400]",0,0,0,0,0,0,1.53412155240573,0,0.0555555555555556,0,0,0,0,0.343115797733887,0,0,0,0,0,0,0,0,0,0,0,0,0,0,0,0,0,0,0,0,0,0.100591715976331,0,0,0,0,0,0,0,0,0,0,0,0,0,0,0.0808870393281596,0,0,0,0,0,0,0,0,0,0,0,0,0,0,0,0,0,0,0,0,0,0.221012739880664,0,0,0.446047601430509,0,0,0.0314465408805031,0,0,0,0,0,0,0,0,0,0,0,0,0,0,0,0,0,0,0,0.0633139723655255,0,0,0.0318674314850223,0.607028118557692,0,0,0,0,0,0,0,0.0804661487236404,0,0.0493096646942801,0,0,0.0314465408805031,0,0,0,0,0,0,0,0,0,0,0,0,0,0,0.405731523378582,0,0,0,0.608317947034191,0,0,0,0,0,0,0,0,0,0,0,0,0,0,61.4975176460512,0,0,0.92401144560142,0,0,0,0,0,0,0,0,0,0.498973012414631,0,0,0,0,0,0,0,0,0,0,0,0,0,0.0870020964360587,0,0,0,0.812470835346417,0,"wai",0,0,0,0.0628930817610063,1.69412945457049,0,0,0,0,0,0,0,0,0,0,0,0,0,0,0,0,0,0,0,0.934294269144795,0,0,0,0,0.390698255971173,0,0.0555555555555556,0,0,0,0,0
"3",0,0,0,0,0,0,0,0,0,0,0,0,12.9675810473815,0,0,0,0,0,0,0,0,0,0,0,0,0,0,0,1.99501246882793,0,0,0,0,0,0,0,0,0,7.23192019950125,0,0,0,0,0,0,0,0,0,0,0,-37,0,0,0,0,0,0,0,0,0,0,0,0,0,0,1.99501246882793,0,0,0,0,0,0,0,0,0,0,0,0,0,0,0,0,0,0,0,0,0,0,0,0,0,0,0,0,0,0,0,6.98254364089776,0,0,0,0,0,0,0,0,0,0,0,0,0,0,0,0,0,0,0,0,0,0,0,0,0,0,0,0,0,0,0,0,0,0,0,11.4713216957606,0,0,0,0,0,0,0,0,0,0,0,0,0,0,0,0,0,0,"(-100,400]",0,0,0,0,0,0.498753117206983,0,0,0,0,0,0,0,0,0,0,0,0,0,0,0,0,0,0,0,0,0,0,0,0,0,0,0,0,0,0,0,0,0,0,0,0,0,0,0,0,0,0,0,0,0,0,0,0,0,0,0,0,0,0,6.23441396508728,0,0,0,0,0,0,0,0,0,0,0,0,0,0,0,0,0,0,0,0,0,0,0,0,0,0,0,0,0,0,0,0,0,0,0,0,35.6608478802993,0,0,0,0,0,0,0,0,2.49376558603491,0,0,0,0,0,0,0,0,0,0,0,0,0,0,0,0,0,0,0,0,0,0,9.47630922693267,0,0,0,0,0,0.249376558603491,0,0,0,0,0,0,0,0,0,0,0.249376558603491,0,0,0,0,0,0,0,0,0,0,0,0,0,0,0,0,0,0,0.498753117206983,0,1.99501246882793,0,0,0,0,0,0,0,0,0,0,0,0,0,0,"yac",0,0,0,0,0,0,0,0,0,0,0,0,0,0,0,0,0,0,0,0,0,0,0,0,0,0,0,0,0,0,0,0,0,0,0,0,0
"4",0,0,0,0,0,0,0,0,0,0.178009883198562,0.412735849056604,0,0,0.236972147349506,0.294811320754717,0,0,0,0,0,0.119047619047619,0,0,0,0,0,0,0,0.473944294699012,0,0,0,0,0,0.0589622641509434,0,0,0,0.354896675651393,0,0,0,0,0,0,0,0,0,0,0,139,0,0,0,0,0,0,0.119047619047619,0.117924528301887,0,0,0,0.119047619047619,0,0,0.236972147349506,0,0,0,0,0,0,0,0,0,9.83490566037736,0,0,0.295934411500449,0,0,0,0,0,0,0,0,0,0,0,0,0,0,0,0,0,0,40.4391284815813,0,0,0,0,0,0,0,0,0,0,0,0,0,0,0,0,0,0,0,0,0,0,0,0,0,0.295934411500449,0,0,0,0,0.117924528301887,0,0,0,0,0,8.32547169811321,0,0.53515274034142,0,0,0.0589622641509434,0,0,0,0,0.17688679245283,0,0,0,0,0,0,0,"(-100,400]",0,0,0,0,0,0,0,0,0,0,0.297057502246181,0,0,0,0.119047619047619,0,0,0,0,0,0,0,0.0589622641509434,0,0.117924528301887,0,0,0,0,0,0,0,0,0,0,0,0,0,0,0,0,0,0,0,0,0,0,0,0,0,0,0,0,0,0,11.6329739442947,0,0,0,0,0.119047619047619,0,0.17688679245283,0,0,0,0,0,0,0,0,0,0,0,0,0,0,0.117924528301887,0,0,0,0,0,0,0,0.0589622641509434,0,0,0,0,0,0,0,0,0,0,0,0,0,0,0,0,0,0,0,15.2577493261456,0,0,0,0,0,0,0,0,0.473944294699012,0,0,0,0,0,0,0,0.0589622641509434,0,0,0,0,0,0,5.38578167115903,0,0,0,0,0.475067385444744,0,0,0,0,0,0,0,0,0,0,0,0,0,0,0,0,0,0,0,0,0,0,0,0,0,0.714285714285714,0,0,0.472821203953279,0,0,0,0,0,0,0.17688679245283,0.0589622641509434,0,0,0,0,0,0,0,0,0,0,"ava",0,0,0.119047619047619,0,0,0,0,0,0,0,0,0,0,0,0,0.0589622641509434,0,0,0,0.95125786163522,0,0,0,0,0,0,0,0,0.0589622641509434,0.17688679245283,0,0,0.0589622641509434,0,0,0,0
"5",0,0.139276438618401,0,0,0,0,0,0,0,0.0262881177707676,0,0,0,0,0,0,0,0,0,0.0292654375182909,0,0,0,0,0,0,0,0,0.59753566497254,0,0,0,0,0,0,0.847093818595487,0,0,0.166112611128172,0,0,0,0,0,0,0.136847173609881,0,0,0,0,160,0,0,0,0.0275027502750275,0,0,0,0,0.928664777750877,0,0,0,0,0,0,0.0262881177707676,0,0,0,0,0,0,0,0,0,0,0,0,0,0,0,0,0,0,0,0,0,0,0,0,0.0275027502750275,0,0,2.07578135611896,0,0,2.17850456219351,0,0,0,0,0,0,0,0,76.3316571587586,0,0,0,0.656066540009122,0,0.0525762355415352,0,0,0,0,0,0,0,0,0,0,0,0,0.0275027502750275,0,0,0,0,0,0,0,0,0,0.0262881177707676,0.0537908680457951,0,0,0,0,0,0,0,0,0,0,0,0,0,0,0,"(-100,400]",0,0,0,0,0,0,0,0,0,0,0,0,0,0,0.388326832284406,0.0262881177707676,0,0,0,0,0,0,0,0,0,0,0,0.0292654375182909,0,0,0,0,0,0,0,0,0,0,0,0,0,0,0,0,0,0.495908568375996,0,0,0,0,0,0,0.0537908680457951,0,0,0.556868708421098,0,0.0292654375182909,0,0,0,0,0,0,0,0.160157971633125,0,0,0,0,0,0,0,0,0,0,0,0,0,0,0,0,0,0,0,0.132655221358098,0,0,0,0,0,0,0,0,0,0,0,0,0,0.0262881177707676,0,0,0,0,0,10.040959242256,0,0,0,0,0,0,0,0,0,0,0,0,0,0,0,0,0,0,0,0,0,0,0.109344423334854,0.849523083604007,0,0.0292654375182909,0,0,0,0,1.10425740286062,0,0,0,0,0,0,0,0,0,0.0292654375182909,0,0,0,0,0,0,0,0,0,0,0,0,0.0262881177707676,0,0,0,0,0.0860336253116093,0,0,0,0,0,0,0,0,0,0,0.0292654375182909,0,0,0,0,0,0,"bon",0,0,0.0275027502750275,0,0,0,0,0,0,0,0,0,0,0,0,0,0.083056305564086,0,0,0.275575557489279,0,0,0,0,0,0,0,0,0,1.05630265128362,0,0,0,0,0,0,0
"6",0,3.7463976945245,0,0,0,0,0,0,0,0,0,0,0,0,0,0,0,0,0,0,0.576368876080692,0,0,0,0,0,0,0,0,0,0,0.288184438040346,1.72910662824208,0,0,1.72910662824208,0,0,0.576368876080692,0,0,0,0,0,0,0.864553314121038,0,0,0,0,83,0,0,0,0.288184438040346,0,0,0,0,0,0,0,0,0,0,0,0.288184438040346,0,0,0,0,0,0,0,0,0,0,0,0,0,0,0,0,0,0,0,0,0,0,0,1.15273775216138,0,0,0,5.47550432276657,0,0,0.288184438040346,0,0,0,0,0,0,0,0,0,0,0,6.34005763688761,12.6801152737752,0,0,0,0,0,0,0,0,0.864553314121038,0,0,0,0,0,0.288184438040346,0.288184438040346,0,0,0,0,0,0,0,0,0,0,0,0,0,0,0,0.576368876080692,0,0,0,0.576368876080692,0,0,0,0.288184438040346,0,"(-100,400]",0,0,0,0,0,0,0,0,0,0,0,0,0,0,0.288184438040346,0.288184438040346,0,0,0,0.288184438040346,0,0.288184438040346,0,0,0,0,0,0.288184438040346,0,0,0,0,0,0,0,0,0,0,0,0,0,0,0,0,0,0,0,0,0,2.88184438040346,0,0,0,0,0,9.22190201729107,0,0,0.288184438040346,0,0,0,0,0,0,0.288184438040346,0,0,0,0,0,0,1.44092219020173,0,0,0,0,0,0,0,0,0,0,0,0.864553314121038,0.576368876080692,0,0,0,0,0,0,0,0,0,0,0,0,0,0,0,0,0,0.288184438040346,0,0.576368876080692,0,0,0,0,0,0,0,0,0,0,0,0,0,0,0,0,0,0,0,0,0,0,0.576368876080692,0.864553314121038,0,0.288184438040346,0,0,0.576368876080692,0,3.45821325648415,0,0,0,0,0,0,0,0,0,0,0,0,0,0,0,0,0,0,0,0,0,0,0,0,0,0,0,0,0.288184438040346,0,0.576368876080692,0,0,0,0,0,0,0,0,0,0,0,0,0,0,"tag",0,0,0,0,0,0,0,0,0,0,0,0,0,0,0,0,0,0,0,6.34005763688761,0,0,0,0,0,0,0,30.2593659942363,0,0,0,0,0,0,0,0,0
"7",0,0,0,0,0,0,0,0,0,0,0,0,0,0,0,0,0,0,0,0,0,0,0,0,0.111358574610245,0,0,0,1.87609027175881,0,0,0,0,0,0,0,0,0,0,0,0,0,0,0,0,0,0,0,0,0,701,0,0,0,0,0,0,0,0,0,0,0,0,0,0,0.111358574610245,0,0,0,0,0,0,0,0,0,0.246305418719212,0,0,0,0,0,0,0,0,0,0,0,0,0,0,0,0,0,0,0,0,0,60.1514586327581,0,0,0,0,0,0,0,0,0,0,0,0,0,0,0,0,0,0,0,0,0,0,0,0,0.111358574610245,0,0,0,0,0,0,0,0,0,0,0.111358574610245,0,0,0.22271714922049,0,0,0,0,0,0,0,0,0,0,0,0,0,0,0,"(400,900]",0,0,0,0,0,0,0,0,0,0,0,0,0,0,0,0,0,0,0,0,0,0,0,0,0,0,0,0,0,0,0,0,0,0,0,0,0,0,0,0,0,0,0,0,0,0,0,0,0,0,0,0,0,0,0,4.79637289214127,0,0,0,0,0,0,0,0,0,0,0,0,0,0,0,0,0,0,0,0.66815144766147,0,0,0,0,0,0,0,0,0,0,0,0,0,0,0,0,0,0,0,0,0,0,0,0,0,0,0,0,0,14.0103349534269,0,0,0,0,0,0,0,0,0,0,0,0,0,0,0,0,0,0,0,0,0,0,0,11.7085587018772,0,0,0,0,0,0,0,0,0,0,0,0,0,0,0,0,0,0,0,0,0,0,0,0,0,0,0,0,0,0,0,0.111358574610245,0,0.123152709359606,0,0,0,0,0,0,0,0,0,0,0,0,0,0,0,0,0,0,"ngo",0,0,0,0,0,0,0,0,0,0.357663993329457,0,0,0,0,0,0,0,0,0,5.28240095669633,0,0,0,0,0,0,0,0,0,0,0,0,0,0,0,0,0
"8",0,0,0,0,0,0,0,0,0,0,0,0,0,0,0,0,0,0,0,0,0,0,0.0623441396508728,0,0,0,0.382643993857294,0,0.718583646676141,0,0,0,0.572322598703413,0,0,0,0,0,0.0348189415041783,0.108407882417765,0,0,0,0,0,0,0,0,0,0,646.25,0,0.0659630606860158,0,0,0,0,0,0,0.104456824512535,0,0,0,0,0,0,15.3808948366841,0,0,0,0,0,0,0,0,0,0,0,0,0,0,0,0,0,0,0,0,0,0,0,0,0,0,0,1.76628188117215,0,0,43.1885870645872,0,0,0,0,0,0,0,0,0,0,0,0,0,0,0,0.124688279301746,0,0,0,0,0,0,0,0,0,0,0,0,0,0.0348189415041783,0,0,0,0,0,0,0,0,0,0,0,0,0,0,0,0,0,0,0,0,0,0,0.187032418952618,0,"(400,900]",0,0,0,0,0,0,0,0,0,0,0,0,0,0,0,0,0,0,0,0,0,0,0,0,0,0,0,0,0,0,0,0,0,0,0,0,0,0,4.43603100584696,0,0.0659630606860158,0.127334465195246,0,0,0,0,0,0,0,5.29626379101306,0,0,0,0,0,0.0696378830083565,0,0,0,0,0,0,0,10.0103135061845,0,0,0.0424448217317487,0,0,0,0,0.0348189415041783,0,0,0,0,0.124688279301746,0,0,0,0,0,0,0,0,1.76748350095944,0,0,0,0,0,0.580921214072626,0,0,0,0,0,0,0,0,0,0,0,0,0,0.0424448217317487,0,0,0,0,0,0,0,0.0659630606860158,0.0424448217317487,0,0,0,0,0,0,0,0,0,0,0,0,0,0,7.3188322702874,0.0348189415041783,0,0,0,0,0.14723378311437,0,0,0,0,0,0,0.104456824512535,0,0.0659630606860158,0,0.100782002190194,0,0,6.16898362208818,0,0,0,0,0,0,0,0,0,0,0,0,0,0,0,0,0,0,0,0.0424448217317487,0.244396864269421,0,0,0,0,0,0,0,0,0,0,0.0696378830083565,"plu",0.0659630606860158,0.197889182058048,0,0,0,0,0,0,0,0,0,0,0,0,0,0,0,0,0,0,0,0,0,0,0,0,0,0,0,0,0,0,0,0,0,0,0
"9",0,0,0,0,0,0,0,0,0,0,0,0,0,0,0,0,0,0.862068965517241,0,0,0,0,0,0,0,0,0,0,0,0,0,0,0,0,0,4.59770114942529,0,0,0,0,0,0,0,0,0,0,0,0,0.574712643678161,0,492.9,0,0,0,0,0,0,0,0,0,0,0,0,6.32183908045977,0,0,0,0,0,0,0,0,0,0,0,0,0,0,0.574712643678161,0,0,0,0,0,0,0,0.28735632183908,1.4367816091954,0,0,0,0,0,2.01149425287356,0,0,0,0,9.48275862068965,0,0,0,0,2.01149425287356,0,0,0,0,0,0,0,0,0,0,0,0,0,0,0,0,0,0,0,0,0,0,0,0,0,0,0,0,0,0,0,0,0,0,0,0,0,0,0,0,0,0,0,0,0,0,0,0,"(400,900]",0,0,0,0,0,0,0.862068965517241,0,0,0,0,0,0,0,0,0,0,0,0,0,0,0,0,0,0,0,0,0,0,0,0,0,0,0,0,0,0,0,0,0,0,0,0,0,0,0,0,0,0.574712643678161,0,0,0,0,0,0,0,0,0,0,0,0,0,0,0,0,0,0,0,0.28735632183908,0,0,0,3.16091954022989,0,0,1.14942528735632,0,0,0,0,0,0,0,0,0,0,0,0,0,1.4367816091954,0,0,0,0,0,0,0,0,0,0,0,0,0,0,0,0,0,0,0,0,0,0,0.862068965517241,0,0,0.28735632183908,0,0,0,0,0,0,0,0,0.28735632183908,0,0,0,0,0,0,0,0,0,0,0,0,0,0,0,0,0,0,0,0,0,0,0,0,35.632183908046,0,0,0,0,0,0,0,0,0,0,0,0,0.862068965517241,0,0,0,0,0,0,0,0,0,0,0,0,0,0,0,0,0,0.28735632183908,0,"wai",0,0,0,0,0.28735632183908,0,0,0,0,0,0,0,0,0,0,0,0,0,0,0,0,0,0,0,24.7126436781609,0,0,0,0,0,0,1.14942528735632,0,0,0,0,0
"10",0,0,0,0,0,0,0,0,0,0,0,0,0.152439024390244,0,0,0,0,0,0,0,0,0,0,0,0,0,0,0,16.1147669645013,0,0,0,0,0,0,0,0,0,1.25724462690171,0,0,0,0,0,0,0,0,0,0,0,793,0,0,0,0,0,0,0,0,0,0,0,0,0,0,0.676165177493359,0,0,0,0,0,0,0,0,0,0,0,0,0,0,0,0,0,0,0,0,0,0,0,0,0,0,0,0,0,0,0,1.22856797874909,0,0,0,0,0,0,0,0,0,0,0,0,0,0,0,0,0,0,0,0,0,0,0,0,0,0,0,0,0,0,0,0,0,0,0,9.78779280367061,0,0,0,0,0,0,0,0,0,0,0,0,0,0,0,0,0,0,"(400,900]",0,0,0,0,0,0,0,0,0,0,0,0,0,0,0,0,0,0,0,0,0,0,0,0,0,0,0,0,0,0,0,0,0,0,0,0,0,0,0,0,0,0,0,0,0,0,0,0,0,0,0,0,0,0,0,0,0,0,0,0,0.152439024390244,0,0,0,0,0,0,0,0,0,0,0,0,0,0,0,0,0,0,0,0,0,0,0,0,0,0,0,0,0,0,0,0,0,3.06689205505916,0,0,0,0,0,0,0,0,0,0,0,6.89597923206955,0,0,0,0,0,0,0,0,0,0,0,0,0,0,0,0,0,0,0,0,0,0,53.533264911857,0,0.152439024390244,0,0,0,0.952366578121227,0,0,0,0,0,0,0,0,0,0,0,0,0,0,0,0,0,0,0,0,0,0,0,0,0,0,0,0,0,0.152439024390244,0,5.75344119777832,0,0,0.123762376237624,0,0,0,0,0,0,0,0,0,0,0,"yac",0,0,0,0,0,0,0,0,0,0,0,0,0,0,0,0,0,0,0,0,0,0,0,0,0,0,0,0,0,0,0,0,0,0,0,0,0
"11",0,0,0,0,0,0,0,0,0,0.197628458498024,0,0,0,0.197628458498024,0,0,0,0,0,0,0,0,0,0,0,0,0,0,10.6719367588933,0,0,0,0,0,0,0,0,0,0.592885375494071,0,0,0,0,0.197628458498024,0,0,0,0,0,0,709,0,0,0,0,0,0,0.197628458498024,0,0,0,0,0,0,0,0.197628458498024,0,0,0,0,0,0,0,0,0,7.70750988142292,0,0,0,0,0,0,0,0,0,0,0,0,0,0,0,0,0,0,0,0,0,29.0513833992095,0,0,0,0,0,0,0,0,0,0,0.197628458498024,0,0,0,0,0,0,0,0,0,0,0,0,0,0,0,0,0,0,0,0,0,0,0,0,0,15.4150197628458,0,0.197628458498024,0,0,0.988142292490119,0,0.197628458498024,0,0,0,0.395256916996047,0,0,0,0,0,0,"(400,900]",0,0,0,0,0,0,0,0,0,0,0.197628458498024,0,0.395256916996047,0,0.197628458498024,0,0,0,0,0,0,0,0.197628458498024,0,0,0,0,0,0,0.197628458498024,0,0,0,0,0,0,0,0,0,0,0,0,0,0,0,0,0,0,0,0,0,0,0,0,0,3.55731225296443,0,0,0,0,0.197628458498024,0,0,0,0,0,0,0,0,0,0,0,0,0,0,0,0,0.790513833992095,0,0,0,0,0,0,0,0,0,0,0,0,0,0,0,0,0,0,0,0,0,0,0,0,0,0,0,14.0316205533597,0,0,0,0,0,0,0,0,0,0,0,0,0,0,0,0,0,0,0,0,0,0,0,10.0790513833992,0,0,0,0,1.18577075098814,0,0,0,0,0,0,0,0,0,0,0,0,0,0,0,0,0,0,0,0,0,0,0,0,0,0,0,0,0,0,0,0,0,0,0,0.197628458498024,0.395256916996047,0,0,0,0,0,0,0,0,0,0,"ava",0,0,0.592885375494071,0,0,0,0,0,0,0,0,0,0,0,0,0.197628458498024,0,0,0,1.18577075098814,0,0,0,0,0,0,0,0,0,0,0,0,0,0,0,0,0
"12",0,0.205338809034908,0,0,0,0,0,0,0,0,0,0,0,0,0,0,0,0,0,0.0909090909090909,0,0,0,0,0,0,0,0,1.16147097255927,0,0,0,0,0,0,12.1696845249207,0,0,0,0,0,0,0,0,0,0.296247899943999,0,0,0,0,651,0,0,0,0.0909090909090909,0,0,0,0,0.706925518013814,0,0,0,0,0,0,0.102669404517454,0,0,0,0,0,0,0,0,0,0,0,0,0,0,0,0,0,0,0,0,0,0,0,0,0,0,0,3.68975172671271,0,0,3.92085122269927,0,0,0,0,0,0,0,0,38.8377823408624,0,0,0,0.387156990853089,0,0.0909090909090909,0,0,0,0,0,0,0.102669404517454,0,0,0,0.102669404517454,0,0,0,0,0,0,0,0,0,0.0909090909090909,0,0,0.0909090909090909,0,0,0,0,0,0,0,0,0,0.102669404517454,0,0,0,0,0,"(400,900]",0,0,0,0,0,0,0,0,0,0,0,0,0,0,0.296247899943999,0.0909090909090909,0,0,0,0,0,0,0,0,0,0,0,0,0,0,0,0,0,0,0,0,0,0,0,0,0,0,0,0,0,1.16147097255927,0,0,0,0,0,0,0,0,0,0.193578495426545,0,0,0,0,0,0,0,0,0,0.205338809034908,0,0,0,0,0,0,0,0,0,0,0,0.410677618069815,0,0,0,0,0,0,0,0,0,0,0,0,0,0,0,0,0,0,0,0,0,0.102669404517454,0,0,0,0.0909090909090909,0,24.1149897330595,0,0,0,0,0,0,0,0,0,0,0,0,0,0,0.0909090909090909,0,0,0,0,0,0,0,0,6.58166884450252,0,0.0909090909090909,0,0,0,0,0.592495799887997,0,0,0,0,0,0,0,0,0,0.102669404517454,0,0,0,0,0,0,0,0,0,0,0,0,0,0,0,0,0,0.102669404517454,0,0,0,0,0,0,0,0,0,0,0,0,0,0,0,0,0,"bon",0,0,0,0,0,0,0,0,0,0,0,0,0,0,0,0,1.3903304088109,0,0,0.592495799887997,0,0,0,0,0,0,0,0,0,1.54862796341236,0,0,0,0,0,0,0
"13",0,1.57728706624606,0,0,0,0,0,0,0.315457413249211,0.315457413249211,0,0,0,0,0,0,0,0,0,0,0,0,0,0,0,0,0,0,0.630914826498423,0,0,0,4.10094637223975,0,0,4.41640378548896,0,0,0,0,0,0.630914826498423,0,0,0,1.26182965299685,0,0,0,0,443,0,0,0,0,0,0,0,0,0,0,0,0,0,0,0,0.315457413249211,0,0,0,0,0,1.57728706624606,0,0,0,0,0,0,0,0,0,0,0,0,0,0,0,0,0,0.630914826498423,0,0,0,3.15457413249211,0,0,6.94006309148265,0,0,0,0,0,0,0,0,0,0,0,2.52365930599369,14.8264984227129,0,0,0,0,0.315457413249211,0,0,0,0,0,0,0.946372239747634,0,0,0,0.946372239747634,0,0,0,0,0,0,0.315457413249211,0,0,0.315457413249211,0,0,0,0,0,0,0.315457413249211,0,0,0,0,0,0,0,0,"(400,900]",0,0,0,0,0,0,0,0,0,0,0,0,0,0,2.20820189274448,0.315457413249211,0,0,0,0,0,0,0,0,0,0,0,0,0,0,0,0,0,0,0,0,0,0,0,0,0,0,0,0,0,0,0,0,0,0.630914826498423,0,0,0,0,0,3.15457413249211,0,0,0.315457413249211,0,0,0,0,0,0,0,0,0,0,0,0,0,0,0,0,0,0,0,0,0,0,0,0,0,0,0,0,0,0,0,0,0,0,0,0,0,0,0,0,0,0,0,0,0,0,0.946372239747634,0,0,0,0,0,0,0,0,0,0,0,0,0,0,0,0,0,0,0,0,0,0,0.315457413249211,0.630914826498423,0,1.57728706624606,0.315457413249211,0,0,0,3.47003154574132,0,0,0,0,0,0,0,0,0,0,0,0,0,0,0,0,0,0,0,0,0,0,0,0,0,0,0,0.315457413249211,0,0,0,0,0,0,0,0,0,0,0,0,0,0,0,0,0,"tag",0,0,0,0,0,0,0,0,0,0,0,0,0,0,0,0,0,0,0,0,0,0,0,0,0,0,0,39.4321766561514,0,0,0,0,0,0,0,0,0
"14",0,0,0,0,0,0,0,0,0,0,0,0,0,0,0,0,0,0,0,0,0,0,0,0,0,0.0400962309542903,0,0,0.240577385725742,0,0,0,0.0438788942518649,0,0,0,0,0,0.12785401945802,0,0.120288692862871,0,0,0,0,0,0,0,0,0,1274.5,0,0,0,0,0,0,0,0,0,0,0,0,0,0,0,7.81725197076758,0,0,0,0,0,0,0,0,0,0,0.0400962309542903,0,0,0,0,0,0,0,0,0,0,0,0,0,0,0,0,0.0400962309542903,0,0,87.5958905145935,0,0,0,0,0,0,0,0,0,0,0,0,0,0,0,0,0,0,0,0,0,0,0,0,0,0,0,0,0,0,0,0,0,0,0,0.131636682755595,0,0,0.0801924619085806,0,0,0,0,0,0,0,0,0,0,0,0,0,0,0,"(900,1.4e+03]",0,0,0,0,0,0,0,0,0,0,0,0,0,0,0,0,0,0,0,0,0,0,0,0,0,0,0,0,0,0,0,0,0,0,0,0,0,0,0,0,0,0,0,0,0,0,0,0,0,0,0,0,0,0,0,0.0400962309542903,0,0,0,0,0.0801924619085806,0,0,0.879847483015842,0,0,0,0,0,0,0,0,0,0,0,0,0,0,0,0,0,0,0,0,0,0.324552510931897,0,0,0,0,0,0,0,0,0,0,0,0,0,0,0,0,0,0,0,0,0,0,0,0,0,0,0,0,0,0,0,0,0,0,0,0,0,0,0,0,0,0,0,1.7657472273078,0,0,0,0,0,0,0,0,0,0,0,0,0.0400962309542903,0,0,0,0,0,0,0.507633414534506,0,0,0,0,0,0,0,0,0,0,0,0,0,0,0,0,0,0,0,0,0,0.0219394471259324,0,0,0,0,0,0,0,0,0,0.0400962309542903,"lou",0,0,0,0,0,0,0,0,0,0,0,0,0,0,0,0,0,0.0219394471259324,0,0,0,0,0,0,0,0,0,0,0,0,0,0,0,0,0,0,0
"15",0,0,0,0,0,0,0,0,0,0.217391304347826,0,0,0,0,0,0,0,0,0,0,0,0,0,0,0,0,0,0,0.869565217391304,0,0,0,0,0,0.434782608695652,0,0,0,0.434782608695652,0,0,0,0,0,0,0,0,0,0,0,1098,0,0,0,0,0.217391304347826,0,0,0,0,0,0,0,0,0,0.434782608695652,0,0,0,0,0,0,0,0,0,5.65217391304348,0,0,0.217391304347826,0,0,0,0,0,0,0,0,0,0,0,0,0,0,0,0,0,0,16.304347826087,0,0,0,0,0,0,0,0,0,0,0,0,0,0,0,0,0,0,0,0,0,0,0,0,0,0.217391304347826,0,0,0,0,0.217391304347826,0,0,0,0,0,19.3478260869565,0,2.82608695652174,0,0,5.65217391304348,0,0,0,0,0,0,0,0,0,0,0,0,"(900,1.4e+03]",0,0,0,0,0,0,0,0,0,0,0.217391304347826,0,0,0,0.652173913043478,0,0,0,0,0,0,0,0.434782608695652,0,0,0,0,0,0,0.869565217391304,0,0,0,0,0,0,0,0,0,0,0,0,0.434782608695652,0,0,0,0,0,0,0,0,0,0,0,0,7.17391304347826,0,0,0,0,0,0,0,0,0,0.217391304347826,0,0,0,0,0,0,0,0,0,0,0,0.652173913043478,0,0,0,0,0,0,0,0,0,0,0,0,0,0,0,0,0,0,0,0,0,0,0,0,0,0,0,21.304347826087,0,0,0,0,0,0,0,0,0,0,0,0,0,0,0,0,0.217391304347826,0,0,0,0,0,0,10.8695652173913,0,0,0,0,2.17391304347826,0,0,0,0,0,0,0,0,0,0,0,0,0,0,0,0,0,0,0,0,0,0,0,0,0,0,0,0,0.217391304347826,0,0,0,0,0.217391304347826,0,0,0,0,0,0,0,0,0,0,0,0,0,"ava",0,0,0,0,0,0,0,0,0,0,0,0,0,0,0,0,0,0,0,1.30434782608696,0,0,0,0,0,0,0,0,0,0,0,0,0,0,0,0,0
"16",0,0,0,0,0,0,0.833333333333333,0,0,0,0,0,0.208333333333333,0,0,0,0,0.625,0,0,0,0.208333333333333,0,0,0,0,0,0,0,0,0,0,0,0.208333333333333,0,3.54166666666667,0,0,0,0,0,0,0,0,0,0,0,0,0,0,1107.1,0,0,0,0,0,0,0,0,0,0,0,0,1.875,0,0,0,0,0,0,0,0,0,0,0,0,0,0,0,0,0,0,0,0,0,0.625,2.08333333333333,1.04166666666667,0,0,0,0,0,5.625,0,0,0,0,4.375,0,0,0.416666666666667,0,13.3333333333333,0,0,0,0,0,0.208333333333333,0,0,0,0,0,0,0,0,0,0,0,0,0,0,0,0,0,0,0,0,0,0,0,0,0,0,0,0,0,0,0,0,0.208333333333333,0,0,0,0,0,0,0,0,0,"(900,1.4e+03]",0,0,0,0,0,0,0,0,0,0,0,0,0,0,0,0,0,0,0,0,0,0,0,0,0,0,0,0,0.208333333333333,0,0,0.625,0,0,0,0.416666666666667,0.208333333333333,2.5,0,0,0,0,0,0,0,0,0,0,0,0,0,0,0,0,0,0,0,0,0,0,0,0,0,0,0,0,0,0,0,0,0,0,36.6666666666667,0,0,1.45833333333333,0,0,0.416666666666667,0,0,0,0,0,0,0,0,0,0,0.625,0,0.833333333333333,0,0,0,0,0,0,0,0,0,0,0,0,0,0,0,0,0,0,0.208333333333333,0,0.625,0,0,1.04166666666667,0,0,0,0,0.208333333333333,0,0,0,0.625,0,0,0,0,0,1.25,0,0,0,0,0,0,0,0,0,0,0,0,0.208333333333333,0,0.625,0,0,0,7.29166666666667,0,0,0.208333333333333,0,0,0,0,0,0,0,0,0,2.08333333333333,0,0,0,0,0,0,0,0,0,0,0,0,0,0,0,0,0,0,0,"wai",0,0,0,0,0,0,0,0,0,0,0,0,0,0,0,0,0,0,0,0,0,0,0,0,4.16666666666667,0,0,0,0,0.416666666666667,0,1.25,0,0,0.416666666666667,0,0
"17",0,0,0,0,0,0.221304273996471,0,0,0,0,0,0,0,0,0,0,0,0,0,0,0,0,0.313343144468972,0,0,0,0.258709228619969,0,0.22075055187638,0,0,0,0.304451802796174,0,0,0,0,0,0.203521590650874,0,0,0,0,0.11037527593819,0,0,0,0,0,0,1120.66666666667,0,0,0,0,0,0,0,0,0.0557413600891862,0,0,0,0,0,0,9.64387566928598,0,0,0,0,0,0,0,0.0551876379690949,0,0,0.0551876379690949,0,0,0,0,0,0,0,0,0,0,0,0,0,0,0,0,0.59112092224675,0,0,46.4785939231663,0,0,0,0,0.443162270113033,0,0,0,0,0,0,0,0,0,0,0.102037656385482,0,0,0,0,0,0,0,0,0,0,0,0,0,0.0925925925925926,0,0,0,0,0,0,0,0,0.165562913907285,0,0,0,0,0,0,0,0,0,0,0,0,0,0,0,"(900,1.4e+03]",0,0,0,0,0,0,0,0,0,0,0,0,0,0,0,0,0,0,0,0,0,0,0,0,0,0,0,0,0,0,0,0,0,0,0,0,0,0,4.95348426567833,0,0.101483934265391,0.0551876379690949,0,0,0,0,0,0,0,4.89267737360165,0,0,0,0,0,0.157225294354577,0,0,0,0,0,0,0,2.66317473091156,0,0,0,0,0,0,0,0,0,0,0,0,0,0,0,0,0,0,0.0925925925925926,0,0,3.55856903438245,0,0,0,0,0,0.452785755477952,0,0,0,0,0,0,0,0,0,0,0,0,0,0.424272142527253,0,0,0,0,0,0,0,0.101483934265391,0,0,0,0,0,0,0,0,0,0,0,0,0,0,0,8.32769664723307,0,0,0,0,0,0.258709228619969,0,0,0,0,0,0,0.166116636027376,0,0,0,0,0,0,14.1004927716704,0,0,0,0,0,0,0,0,0,0,0,0,0,0,0,0.0557413600891862,0,0,0,0,0.0462962962962963,0.166116636027376,0,0,0,0,0,0,0,0,0,0,"plu",0,0,0,0,0,0,0,0,0,0,0,0,0,0,0,0,0,0,0,0,0,0,0,0,0,0,0,0,0,0.11037527593819,0,0,0,0,0,0,0
"18",0,0.150023177738134,0,0,0,0,0,0,0,0.0120336943441637,0,0,0,0,0,0,0.0750750750750751,0,0,0,0,0,0,0,0,0,0,0,0.499331243477109,0,0,0,0,0,0,57.8615255747959,0,0,0,0,0,0.0375375375375375,0,0,0,0.277851915323997,0,0,0,0,1141,0,0,0,0.012970168612192,0,0,0,0,1.07648349862737,0,0,0,0,0,0,0.0898547060173154,0,0,0,0,0,0,0,0,0,0,0,0,0,0,0,0,0,0,0,0,0,0,0,0,0,0,0,4.06086816985973,0,0,0.753496687348827,0,0,0,0,0.0250038629563556,0,0,0,10.4095792543446,0,0,0,0.351181014275032,0,0.0120336943441637,0,0,0,0,0.0120336943441637,0,0,0,0,0,0,0,0,0.115358549210689,0,0,0,0,0,0,0,0,0,0.0120336943441637,0,0,0,0,0,0,0,0,0,0,0,0,0.0259403372243839,0,0,"(900,1.4e+03]",0,0.0375375375375375,0,0,0,0,0,0,0,0,0,0,0,0,0.352926990399072,0.0745750948380568,0,0,0,0,0,0,0,0,0,0,0,0,0,0,0,0,0,0,0,0,0,0,0,0,0,0,0,0,0,9.87636472669273,0,0,0,0,0,0,0.012970168612192,0,0,0.226098213287245,0,0,0,0,0.0375375375375375,0,0,0,0,0,0,0,0,0,0,0,0,0,0,0,0,0,0,0,0,0,0,0.012970168612192,0.0379740315685476,0,0.0250038629563556,0,0,0,0,0,0,0,0,0,0,0,0,0.0240673886883273,0,0,0,0,0,4.37542186162057,0,0,0,0,0,0,0,0,0,0,0,0,0,0,0,0,0,0,0,0,0,0,0,3.9821797594417,0,0,0,0,0,0,0.771818258016968,0,0,0,0,0,0,0,0,0,0,0,0,0,0,0,0,0,0,0,0,0,0,0.012970168612192,0,0,0,0,0.0120336943441637,0.012970168612192,0,0,0,0,0,0,0,0.0505077061497295,0,0.0259403372243839,0,0,0,0,0,0,"bon",0,0,0.0375375375375375,0,0,0,0,0,0,0,0,0,0.012970168612192,0,0,0,3.4698006242065,0,0,0.122209891977693,0,0,0,0,0,0,0,0,0,0.525398553113509,0,0,0,0,0,0,0
"19",0,2.04516961178953,0,0,0,0,0,0,0,0,0,0,0,0,0,0,0,0,0,0,0,0,0,0,0,0.244315461706766,0,0,1.05790477459482,0,0,0,2.57223626788844,0,0,1.48042342993255,0,0.0819000819000819,0.0819000819000819,0,0,0.0977517106549365,0,0,0,0.921280198980059,0,0,0,0,1279.33333333333,0,0,0,0.514485542536033,0.0819000819000819,0,0,0,0,0,0,0,0,0,0,0.202673028759985,0,0,0,0,0,0,0,0,0,0,0,0,0,0,0,0,0,0,0,0,0,0,0,0.120772946859903,0,0,0,4.18400039718413,0,0,43.0517186828547,0,0,0,0,0.0488758553274682,0,0,0,0,0,0,1.90678693483743,8.19224809407138,0,0,0,0,0,0,0,0,0.122157730853383,0,0,0.13077593722755,0,0,0,0.0977517106549365,0,0,0,0,0.0805152979066023,0,0,0,0,0.212676019127632,0,0,0,0,0,0.244379276637341,0,0,0,0.0805152979066023,0,0,0.458376264827878,0.472843109589253,0,"(900,1.4e+03]",0,0.0891335042807694,0,0,0,0.163800163800164,0,0,0,0,0,0,0,0,3.44815681421572,0.211291235134152,0,0,0,0.12939115323407,0,0.21852465751484,0,0,0.0402576489533011,0,0,0,0,0,0,0,0,0,0,0,0,0,0,0,0,0,0,0,0,0,0,0,0,3.22165209963246,0,0,0.458376264827878,0,0,3.70795058733348,0,0.0891335042807694,0.643876695770104,0,0,0,0,0,0,0.13077593722755,0,0,0,0,0,0,0.356534017123077,0,0,0,0,0,0,0,0,0,0,0,0.717158571296019,0.905492385155779,0,0,0,0,0,0,0,0,0,0,0,0,0,0,0,0,0,0.0977517106549365,0,0.260167090461621,0,0,0,0,0,0,0,0,0,0,0,0,0,0,0,0,0,0,0,0.0819000819000819,0,0,0.342067172361703,0.357918801116557,0,0.464224903215086,0,0,0,0,1.78638730532139,0,0,0,0,0,0,0,0,0,0.12939115323407,0.195503421309873,0,0,0,0,0,0,0,0.0819000819000819,0,0,0,0,0,0,0,0,0,0.0819000819000819,0,0.0805152979066023,0,0,0,0,0,0,0,0,0,0,0,0,0,0,"tag",0,0,0.327600327600328,0,0,0,0,0,0,0,0,0,0.0402576489533011,0.0402576489533011,0,0,0.0819000819000819,0,0.0488758553274682,0,0,0,0,0,0,0,0,12.1836422677937,0,0,0,0,0,0,0,0,0
"20",0,0,0,0,0,0,0,0,0,0,0,0,0,0,0,0,0,0,0,0,0,0,0,0,0,0,0,0,0,0,0,0,0,0.593471810089021,0,0.29673590504451,0,0,0.29673590504451,0,0,0,0,0,0,0,0,0,0,0,1603.4,0,0,0,0,0,0,0,0,0,0,0,0,11.8694362017804,0,0,0,0,0,0,0,0,0,0,0,0,0,0,0,0,0,0,0,0,0,0,1.48367952522255,0.29673590504451,0,0,0,0,0,10.3857566765579,0,0,0,0,0.29673590504451,0,0,0,0,20.4747774480712,0,0,0,0,0,0,0,0,0,0,0,0,0,0,0,0,0,0,0.29673590504451,0,0,0,0,0,0,0,0,0,0,0,0,0,0,0,0,0,0,0,0,0,0,0,0,0,0,0,0,0,"(1.4e+03,1.9e+03]",0,0,0,0,0,0,0,0,0,0,0,0,0,0,0,0,0,0,0,0,0,0,0,0,0,0,0,0,0,0,0,0.29673590504451,0,0,0,0.593471810089021,0,0.593471810089021,0,0,0,0,0,0,0,0,0,0,0,0,0,0,0,0,0,0,0,0,0,0,0,0,0,0,0,0,0,0.593471810089021,0,0,0,0,25.5192878338279,0,0,1.18694362017804,0,0,0,0,0,0,0,0,0.29673590504451,0,0,0,0,0,0,0.593471810089021,0,0,0,0,0,0,0,0,0,0,0,0,0,0,0,0,0,0,1.18694362017804,0,3.26409495548961,0,0,0.29673590504451,0,0,0,0,0,0,0,0,0,0,0,0,0,0,2.67062314540059,0,0,0,0,0,0,0,0,0,0,0,0,0.593471810089021,0,0,0,0,0,1.48367952522255,0,0,0.29673590504451,0,0,0,0,0,0,0,0,0,2.37388724035608,0,0,0,0,0,0,0,0,0,0,0,0,0,0.29673590504451,0,0,0,0,0,"wai",0,0,0,0,0,0,0,0,0,0,0,0,0,0,0,0,0,0,0,0,0,0,0,0,3.85756676557863,0,0,0,0,0,0,7.71513353115727,0,0,0,0,0
"21",0,0,0,0,0,0,0,0,0,0,0,0,0,0,0,0,0,0,0,0,0,0,0,0,0,0,0,0,0.495049504950495,0,0,0,0,0,0,0,0,0,0,0,0,0,0,0,0,0,0,0,0,0,1666.5,0,0,0,0,0,0,0,0,0,0,0,0,0,0,0.123762376237624,0,0,0,0,0,0,0,0,0,0,0,0,0,0,0,0,0,0,0,0,0,0,0,0,0,0,0,0,0,0,0,92.1791698400609,0,0,0,0,0,0,0,0,0,0,0,0,0,0,0,0,0,0,0,0,0,0,0.16025641025641,0,0.284018786494034,0.123762376237624,0,0,0,0,0,0,0,0,0,0,0,0,0,0,0,0,0,0,0,0,0,0,0,0,0,0,0,0,"(1.4e+03,1.9e+03]",0,0,0,0,0,0,0,0,0,0,0,0,0,0,0,0,0,0,0,0,0,0,0,0,0,0,0,0,0,0,0,0,0,0,0,0,0,0,0,0,0,0,0,0,0,0,0,0,0,0,0,0,0,0,0,1.20906321401371,0,0,0,0,0,0,0,0,0,0,0,0,0,0,0,0,0,0,0,0,0,0,0,0,0,0,0,0,0,0,0,0,0,0,0,0,0,0,0,0,0,0,0,0,0,0,0,0,0,2.12617415587713,0,0,0,0,0,0,0,0,0,0,0,0,0,0,0,0,0,0,0,0,0,0,0,1.47086824067022,0,0,0,0,0,0,0,0,0,0,0,0,0,0,0,0,0,0,0,0,0,0,0,0,0,0,0,0,0,0,0,0.123762376237624,0,0,0,0,0,0,0,0,0,0,0,0,0,0,0,0,0,0,0,0,"ngo",0,0,0,0,0,0,0,0,0,0.284018786494034,0,0,0,0,0,0,0,0,0,1.42009393247017,0,0,0,0,0,0,0,0,0,0,0,0,0,0,0,0,0
"22",0,0,0,0,0,0,0,0,0,0,0,0,0,0,0,0,0,0,0,0,0,0,0.0601684717208183,0,0,0.0376789751318764,0,0,0.120336943441637,0,0,0,0.0753579502637528,0,0,0,0,0,0.255863365426208,0,0.135526421984571,0,0,0,0,0,0,0,0,0,1589.5,0,0,0,0,0,0,0,0,0.0601684717208183,0,0,0,0,0,0,14.3672063239013,0,0,0,0,0,0,0,0,0,0,0,0,0,0,0,0,0,0,0,0,0,0,0,0,0,0,0,0.791258477769405,0,0,78.7913618569069,0,0,0,0,0,0,0,0,0,0,0,0,0,0,0,0,0,0,0,0,0,0,0,0,0,0,0,0,0,0,0,0,0,0,0,0.0376789751318764,0,0,0,0,0,0,0,0,0,0,0,0,0,0,0,0,0,0,"(1.4e+03,1.9e+03]",0,0,0,0,0,0,0,0,0,0,0,0,0,0,0,0,0,0,0,0,0,0,0,0,0,0,0,0,0,0,0,0,0,0,0,0,0,0,0,0,0,0,0,0,0,0,0,0,0,0,0,0,0,0,0,0,0,0,0,0,0.0376789751318764,0,0,0.113036925395629,0,0,0,0,0,0,0,0,0,0,0,0,0,0,0,0,0,0,0,0,0,0.0978474468526947,0,0,0,0,0,0.0753579502637528,0,0,0,0,0,0,0,0,0,0,0,0,0,0,0,0,0,0,0,0,0,0,0,0,0,0,0,0,0,0,0,0,0,0,0,0,0,3.00289189534767,0,0,0,0,0,0.0601684717208183,0,0,0,0,0,0,0,0,0,0,0,0,0,1.8804121018883,0,0,0,0,0,0,0,0,0,0,0,0,0,0,0,0,0,0,0,0,0,0,0,0,0,0,0,0,0,0,0,0,"lou",0,0,0,0,0,0,0,0,0,0,0,0,0,0,0,0,0,0,0,0,0,0,0,0,0,0,0,0,0,0,0,0,0,0,0,0,0
"23",0,0,0,0,0,0,0,0,0,0,0,0,0,0,0,0,0,0,0,0.159489633173844,0,0,0,0,0,0,0,0,1.76194674358689,0,0,0,0,0,0,61.4537237548253,0,0,0,0,0,0,0,0,0,0.408424704630335,0,0,0,0,1631.5,0,0,0,0,0,0,0,0,0.845951274347847,0,0,0,0,0,0,0,0,0,0,0,0,0,0,0,0,0,0,0,0,0,0,0,0,0,0,0,0,0,0,0,0,0,0,0.58731558119563,0,0,1.23497473558673,0,0,0,0,0,0,0,0,0,0,0,0,0.178890876565295,0,0,0,0,0,0,0,0,0,0,0,0,0,0,0,0.0894454382826476,0,0,0,0,0,0,0,0,0,0,0.0797448165869219,0,0,0,0,0,0,0,0,0,0,0,0.0797448165869219,0,0,"(1.4e+03,1.9e+03]",0,0,0,0,0,0,0,0,0,0,0,0,0,0,0.258635693152217,0.0797448165869219,0,0,0,0,0,0,0,0,0,0,0,0,0,0,0,0,0,0,0,0,0,0,0,0,0,0,0,0,0,0.925696090934769,0,0,0,0,0,0,0.616417446282807,0,0,0.0797448165869219,0,0,0,0,0,0,0,0,0,0,0,0,0,0,0,0,0,0,0,0,0,0,0,0,0,0,0,0,0.169190254869569,0,0,0,0,0,0,0,0,0,0,0,0,0,0,0,0,0,0,0,0,0.497870142912983,0,0,0,0,0,0,0,0,0,0,0,0,0,0,0,0,0,0,0,0,0,0,0,26.3699988302191,0,0,0,0,0,0,0,0,0,0,0,0,0,0,0,0,0,0,0,0,0,0,0,0,0,0,0,0,0,0,0,0,0,0,0,2.39990527628227,0,0,0,0,0,0,0,0,0,0,0,0,0,0,0,0,"bon",0,0,0,0,0,0,0,0,0,0,0,0,0,0,0.0797448165869219,0,1.07548510241289,0,0,0.159489633173844,0,0,0,0,0,0,0,0,0,0.408424704630335,0,0,0,0,0,0,0
"24",0,0,0,0,0,0,0,0,0,0.239808153477218,0,0,0,0.692706704201856,1.71319466166197,0,0,0,0,0.119904076738609,0,0,0,0,0,0,0,0,0.663382337608174,0,0,0,0,0,0,0,0,0,0.570196017099364,0,0,0,0,0,0,0,0,0,0,0,1673,0,0,0,6.35491606714628,0,0,0,0,0,0,0,0,0,0,0.181159420289855,0,0,0,0,0,0,0,0,0,4.65475445730372,0,0,0.181159420289855,0,0,0,0,0,0,0,0,0,0,0,0,0,0,0,0,0,0,22.5282817224481,0,0,0,0,0,0,0,0,0,0,0,0,0,0,0,0,0,0,0,0,0,0,0,0,3.40488478782192,0,0,0,0,0,0.0905797101449275,0,0,0,0,0.119904076738609,18.8744656448754,0,1.62261495151705,0,0,1.32676467521635,0,0,0.0905797101449275,0,0,0,0,0,0,0,0,0,"(1.4e+03,1.9e+03]",0,0,0,0,0,0,0,0,0,0,0,0,0,0,0.572802627463247,0,0,0,0,0,0,0,0.0905797101449275,0,0.181159420289855,0,0,0,0,0.330387863622146,0,0,0,0,0,0,0,0,0,0,0,0,0.181159420289855,0,0,0,0,0,0,0,0,0,0,0,0,10.0074288395371,0,0,0,0,0.301063497028464,0,0.482222917318319,0,0,0,0,0,0,0,0,0,0,0,0,0,0.271739130434783,0,0,0,0,0,0,0,0,0.239808153477218,0,0,0,0,0,0,0,0,0,0,0,0,0,0,0,0,0,0,0,13.7531279324367,0,0,0,0,0,0,0,0,0,0,0,0,0,0,0,0,0,0,0,0,0,0,0,6.79412991346054,0,0,0,0,0.119904076738609,0,0,0,0,0,0,0,0,0,0,0,0,0,0,0,0,0,0,0,0,0,0,0,0,0,1.28962047753102,0,0,0,0,0,0,0,0,0,0,0.0905797101449275,0,0,0,0,0,0,0,0,0,0,"ava",0,0,0.301063497028464,0,0,0,0,0,0,0,0,0,0,0,0,0.359712230215827,0,0,0,0.570196017099364,0,0,0,0,0,0,0,0,0,0.634057971014493,0,0,0,0,0,0,0
"25",0,0,0,0,0,0.0476644423260248,0,0,0,0,0,0,0,0,0,0,0,0,0,0,0,0,0.0859786185712355,0,0,0,0,0,0.200921147306868,0,0,0,0.984078980528801,0,0,0,0,0,0.0476644423260248,0.0476644423260248,0,0,0,0,0,0,0,0,0,0,1573.5,0,0.0383141762452107,0,0,0,0,0,0,0,0,0,0,0,0,0,7.57251021772241,0,0.0953288846520496,0,0,0,0,0,0,0,0,0,0,0,0,0,0,0,0,0,0,0,0,0,0,0,0,0,0.420542826775363,0,0,29.8963800590966,0,0,0,0,0.0766283524904215,0,0,0,0,0,0,0,0,0,0,0.325213942123314,0,0,0,0,0,0,0,0,0,0,0,0,0,0.0476644423260248,0,0,0,0,0,0.0476644423260248,0,0,0,0,0,0,0,0,0,0,0,0,0,0,0,0,0.0859786185712355,0,"(1.4e+03,1.9e+03]",0,0,0,0,0,0,0,0,0,0,0,0,0,0,0,0,0,0,0,0,0,0,0,0,0,0,0,0,0,0,0,0,0,0,0,0,0,0,16.8189737352487,0,0.181307503223285,0,0,0,0,0,0,0,0,1.46916055794791,0,0,0,0,0,0.162606971061657,0,0,0,0,0.0383141762452107,0,0,0.0859786185712355,0,0,0,0,0,0,0,0,0,0,0,0,0,0,0,0,0,0,0,0,0,1.29811643272739,0,0,0,0,0,0.142993326978074,0,0,0,0,0,0,0,0,0,0,0,0,0,0.400929182691781,0,0,0,0,0,0,0,0,0.0476644423260248,0,0,0,0,0,0,0,0,0,0,0,0,0,0,1.85230232040002,0,0,0,0,0,0.0953288846520496,0,0,0,0,0,0,0.0476644423260248,0,0,0,0,0,0,36.2291764826198,0,0,0,0,0,0,0,0,0.0859786185712355,0,0,0,0,0,0,0,0,0,0,0,0.698092326572653,0,0,0,0,0,0,0,0.124292794816446,0,0,0,"plu",0.0476644423260248,0.153256704980843,0,0,0,0,0,0,0,0,0,0,0,0,0,0,0,0,0,0,0,0,0,0,0,0,0,0,0,0,0,0,0,0,0,0,0
"26",0,0.82170460373888,0,0,0,0.130927986415663,0,0,0,0,0,0,0,0,0,0,0,0,0,0.172490746182911,0,0,0,0,0,0.293146521634707,0,0,0.447194026984807,0,0,0,2.06062841122548,0,0,1.29825785677204,0,0,0.112484745582851,0,0,0,1.10440905606982,0,0,0.339385559503581,0,0,0,0,1691.33333333333,0,0,0,0.202493746482941,0,0,0,0,0,0,0,0,0,0,0,0.367457237048584,0,0,0,0.06000600060006,0.141843971631206,0,0,0,0,0,0,0,0,0,0.03000300030003,0,0.141843971631206,0,0.332502078137988,0,0,0,0,0.884929475597318,0,0,0,1.65398547601351,0,0,12.2598751093871,0,0,0,0,0,0,0,0,0,0,0,0,3.72522581488265,0,0.03000300030003,0,0,0,0,0.141843971631206,0,0,0,0,0.387831800636423,0,0,0.296535251232981,0,0.03000300030003,0,0,0,0,0,0,0,0,1.01090530340242,0.03000300030003,0,0,0,0,3.0365785557173,0,0,0,0.06000600060006,0,0,0,0.03000300030003,0,"(1.4e+03,1.9e+03]",0,0.03000300030003,0,0,0,0.6509753219711,0,0,0,0,0,0,0,0,0.872725941878424,0.0709219858156028,0,0,0,0.396816463096938,0,0.297822799736333,0,0,0,0,0,0.0709219858156028,0,0,0,0,0,0,0,0,0,0,0,0,0,0,0,0,0,0,0,0,0,7.0268793738821,0,0,0.195610265117348,0,0,1.48359591092552,0,0.112484745582851,0.224969491165703,0,0,0,0,0,0,0.112484745582851,0,0.124688279301746,0,0.03000300030003,0,0,0.640229195095453,0,0,0,0,0,0,0,0,0,0,0,1.79382027978359,2.5772588401197,0,0,0,0,0,0,0,0,0,0,0,0,0,0,0,0,0,0,0,39.6727140215481,0,0,0,0,0,0,0,0,0,0,0,0,0,0,0,0,0,0,0,0,0,0,0.374984492665853,0.421867304786403,0,0.575914810136503,0,0,0,0,1.09274327443356,0,0,0,0,0,0,0,0,0,0.03000300030003,0,0,0,0,0,0,0,0,0,0,0,0,0.141843971631206,0,0,0,0,0,0.0709219858156028,0,0,0,0,0,0,0,0,0,0,0,0,0,0,0,0,"tag",0,0,0,0,0,0,0,0,0,0,0,0,0.334709281401956,0.354609929078014,0,0,0,0,0,0,0,0,0,0,0,0,0,8.58296802248803,0,0,0,0,0,0,0,0,0
"27",0,0,0,0,0,0,0,0,0,0,0,0,0,0,0,0,0,0,0,0,0,0,0,0,0,0,0.564971751412429,0,0.309004040649201,0,0,0,0.409659927395093,0,0,0,0,0,0.0706214689265537,0,0,0,0,0,0.0706214689265537,0,0,0,0,0,2183.66666666667,0,0.141242937853107,0,0,0,0,0,0,0,0,0,0,0,0,0,2.88255048951665,0,0,0,0,0,0,0,0.0265181649429859,0,0,0,0,0,0,0,0,0,0,0,0,0,0,0,0,0,0,0,1.08178536838939,0,0,17.594256112778,0,0,0,0,0.290064708352106,0,0,0,0,0,0,0,0,0,0,0.0957854406130268,0,0,0,0,0,0,0,0,0,0,0,0,0,0,0,0,0,0,0,0,0,0,0,0,0.262192350152607,0,0.0706214689265537,0,0,0,0,0,0,0,0,0,0.0706214689265537,0,"(1.9e+03,2.4e+03]",0,0,0,0,0,0,0,0,0,0,0,0,0,0,0,0,0,0,0,0,0,0,0,0,0,0,0,0,0,0,0,0,0,0,0,0,0,0,14.9330726307895,0,0,0,0,0,0,0,0,0,0,0.970049894756517,0,0,0,0,0,1.00087668030392,0,0,0,0,0.382060732642187,0,0,0.21808904616904,0.0265181649429859,0,0,0,0,0,0,0,0,0,0,0,0.0530363298859719,0,0,0,0,0,0,0,0,0.788212156478561,0,0,0,0,0,0.525738893561727,0,0,0,0,0,0,0,0,0,0,0,0,0,4.33172325760855,0,0,0,0,0,0,0,0,0,0,0,0,0,0,0,0,0,0.0478927203065134,0,0,0,0,0,0.649677605138479,0,0.214299629846094,0,0,0,0.359331984022147,0,0,0,0,0,0,0.148821770498999,0,0,0,0,0,0,50.4530347955211,0,0,0,0,0,0,0,0,0.567406974478862,0,0,0,0,0,0,0,0,0,0,0.0706214689265537,0.0478927203065134,0.0957854406130268,0,0,0,0,0,0,0.148821770498999,0,0,0,"plu",0,0.0265181649429859,0,0,0,0,0,0,0,0,0,0,0,0,0,0,0,0,0,0,0,0,0,0,0,0,0,0,0,0,0,0,0,0,0,0,0
"28",0,0,0,0,0,0,0,0,0,0,0,0,0.212314225053079,0,0,0,0,0,0,0,0,0,0,0,0,0,0,0,0,0,0,0,0,0,0,0,0,0,0,0,0,0,0,0,0,0,0,0,0,0,2200.33333333333,0,0,0,0,0,0,0,0,0,0,0,0,0,0,0.668611393602027,0,0,0,0,0,0,0,0,0,0,0,0,0,0,0.99177090083503,0,0,0,0,0,0,0,0,0,0,0,0,0,0,0,0,0,0,0,0,0,0,0,0,0,0,0,0,0,0,0,0,0,0,0.0791765637371338,0,0,0,0,0,0,0,0,0,0,0,0,0,0,0,0,0,90.1489022012424,0,0,0,0,0,0,0,0,0,0,0,0,0,0,0,0,0,0,"(1.9e+03,2.4e+03]",0,0,0,0,0,0,0,0,0,0,0,0,0,0,0,0,0,0,0,0,0,0,0,0,0,0,0,0,0,0,0,0,0.298409149883231,0,0,0,0,0,0,0,0,0,0,0,0,0,0,0,0,0,0,0,0,0,0,0,0,0,0,0,0.228381138678749,0,0,0,0,0,0,0,0,0,0,0,0,0,0,0,0,0,0,0,0,0,0,0,0,0,0,0,0,0,0,0,0,0,0,0,0,0,0,0,0,0,0,0,0,0,0,0,0,0,0,0,0,0,0,0,0,0,0,0,0,0,0,0,0,0,0,0,0,4.29671543337822,0,0.106157112526539,0,0,0,2.21262537119179,0,0,0,0,0,0,0,0,0,0,0.140056022408964,0,0,0,0,0,0,0,0,0,0,0,0,0,0,0,0,0,0,0.51072337493631,0,0.106157112526539,0,0,0,0,0,0,0,0,0,0,0,0,0,0,"yac",0,0,0,0,0,0,0,0,0,0,0,0,0,0,0,0,0,0,0,0,0,0,0,0,0,0,0,0,0,0,0,0,0,0,0,0,0
"29",0,0,0,0,0,0,0,0,0,0.99009900990099,0,0,0,0.742574257425743,1.73267326732673,0.247524752475248,0,0,0,0.247524752475248,0,0,0,0,0,0,0,0,0.247524752475248,0,0,0,0,0,0.247524752475248,0,0,0.247524752475248,0,0,0,0,0,0,0,0,0,0,0.495049504950495,0,2248,0,0,0,7.42574257425743,0,0,0.495049504950495,0.247524752475248,0,0,0,0,0,0,0.495049504950495,0,0,0,0,0,0,0,0,0,7.17821782178218,0,0,0,0,0,0,0,0,0,0,0,0,0,0,0,0,0,0,0,0,0,11.6336633663366,0,0,0,0,0,0,0,0,0,0,0,0,0,0,0,0,0,0,0,0,0,0,0,0,2.72277227722772,0.742574257425743,0,0,0,0,0,0,0,0,0,0,16.0891089108911,0,2.22772277227723,0,0,0.495049504950495,0,0,0.247524752475248,0,0.247524752475248,0,0,0,0,0,0,0,"(1.9e+03,2.4e+03]",0,0,0,0,0,0,0,0,0,0,0,0,0,0,0.247524752475248,0,0,0,0,0,0,0,0,0,0,0,0,0,0,0,0,0,0,0,0,0,0,0,0,0,0,0,0,0,0,0,0,0,0,0,0,0,0,0,0,8.41584158415842,0,0,0,0,0,0,0,0,0,0,0,0,0,0,0,0,0,0,0,0,0,0,0,0.247524752475248,0,0,0,0,0,0.247524752475248,0,0,0,0,0,0,0,0,0,0,0,0,0,0,0,0,0,0,0,17.3267326732673,0,0,0,0,0,0,0,0,0,0,0,0,0,0,0,0,0.247524752475248,0,0,0,0,0,0,11.8811881188119,0,0,0,0,0.247524752475248,0,0,0,0,0,0,0,0,0,0,0,0,0,0,0,0,0,0,0,0,0,0,0,0,0,2.47524752475248,0,0,0.99009900990099,0,0,0,0,0,0,0,0.247524752475248,0,0,0,0,0,0,0,0,0,0,"ava",0,0,0,0,0,0,0,0,0,0,0,0,0,0,0,1.73267326732673,0,0,0,0.247524752475248,0,0,0,0,0,0,0,0,0,0,0,0,0,0,0,0,0
"30",0,0,0,0,0,0,0.386100386100386,0,0,0,0,0,0,0,0,0,0,0,0,0,0,0,0,0,0,0,0,0,0,0,0,0,0,0,0,3.47490347490348,0,0,0.193050193050193,0,0,0,0,0,0,0,0,0,0,0,2099.5,0,0,0,0,0,0,0,0,0,0,0,0,3.28185328185328,0,0,0,0,0,0,0,0,0,0,0,0,0,0,0,0,0,0,0,0,0,0.965250965250965,0.772200772200772,1.73745173745174,0,0,0,0,0,5.21235521235521,0,0,0,0,3.28185328185328,0,0,0,0,23.3590733590734,0,0,0,0,0,0,0,0,0,0,0,0,0,0,0,0,0,0,0,0,5.21235521235521,0,0,0,0,0,0,0,0,0,0,0,0,0,0,0,0,0,0,0,0,0,0.193050193050193,0,0,0,0,0,"(1.9e+03,2.4e+03]",0,0,0,0,0,0,0,0,0,0,0,0,0,0,0,0,0.193050193050193,0,0,0,0,0,0,0,0,0,0,0,0,0,0,0.579150579150579,0,0,0,0,0.386100386100386,1.54440154440154,0,0,0,0,0,0,0,0,0,0,0,0,0.193050193050193,0,0,0,0,0,0.193050193050193,0,0,0,0,0,0,0,0,0,0,0.193050193050193,0.193050193050193,0,0,0,17.3745173745174,0,0,0.386100386100386,0,0,0.193050193050193,0,0,0,0,0,0.386100386100386,0,0,0.386100386100386,0,1.15830115830116,0,1.35135135135135,0,0,0,0,0,0,0,0,0,0,0,0,0,0,0,0,0,0,0.579150579150579,0,2.31660231660232,0,0,0.965250965250965,0,0,0,0,0.193050193050193,0,0,0,0.193050193050193,0,0,0,0,0,3.66795366795367,0,0,0,0,0,0,0,0,0,0,0,0,0.579150579150579,0,0.386100386100386,0,0,0,7.72200772200772,0,0,0.772200772200772,0,0,0,0,0,0,0,0,0,2.50965250965251,0,0,0,0,0,0,0,0,0,0,0,0,0,0,0,0,0,0,0,"wai",0,0,0,0,0,0,0,0,0,0,0,0,0,0,0,0,0,0,0,0,0,0,0,0,2.50965250965251,0,0,0,0,0.386100386100386,0,3.86100386100386,0,0,0.386100386100386,0.193050193050193,0
"31",0,0,0,0,0.379266750948167,0,0,0,0,0,0,0,0,0,0,0,0,0,0,0,0,0,0,0,0,0,0,0,2.52844500632111,0,0,0,0,0,0,0,0,0,0.126422250316056,0,0,0,0,0,0,0,0,0,0,0.126422250316056,2217,0,0,0,0,0,0,0,0,0,0,0,0,0,0,0,0,0.126422250316056,0,0,0,0,0,0,0,0,0,0,0,0,0,0,0,0,0,0,0,0,0,0,0,0,0,0,0,0.758533501896334,0,29.8356510745891,0,0,0,0,0,0,0,0,0,0,0,0,0,0,0,0,0,0,0,0,0,0,0,0,1.01137800252845,0,0,0,0,0,0,0,0,0,0,0,0,0,0.505689001264223,0,0,0,0,0,0,0,0,0,0,0,0,0,0,0,"(1.9e+03,2.4e+03]",0,0,0,0,0,0,0,0,0,0,0,0,0,0,0.126422250316056,0,0,0,0,0,0,0,0,0,0,0,0,0,0,0,0,0,0,0,0,0,0,0,0,0,0,0,0.252844500632111,0,0,0,0,0,0,0,0,0,0,0,0,25.6637168141593,0,0,0,0,0.126422250316056,0,0,0,0,0,0,0,0,0,0,0,0,0,0,0.505689001264223,0,0,0,0,0,0,0,0,0,0,0,0,0,0,0,0,0,0,0,0,0,0,0,0,0,0,0,0,0,14.4121365360303,0,0,0,0,0,0,0,0,0,0,0,0,0,0,0,0,0,0,0,0,0,0,0,9.22882427307206,0,0,0,1.39064475347661,0,0,0,0,0,0,0,0,0,0,0,0,0,0,0,0,0,0,0,0,0,0,0,0,0,0.126422250316056,0,0.505689001264223,0,1.51706700379267,0,0,0,0,0,0,0,0,0,0,0,0,0,0,0,0,0,0,"ngo",0,0,0,0,0,0,0,0,0,6.44753476611884,0,0,0,0,0,0,0,0,0,4.29835651074589,0,0,0,0,0,0,0,0,0,0,0,0,0,0,0,0,0
"32",0,0,0.1301450332199,0,0,0.034435261707989,0,0.0702247191011236,0,0,0,0,0.034435261707989,0,0,0,0,0,0,0,0,0,0,0,0,0.103305785123967,0.199015556635877,0,1.04605926779663,0,0,0,0.269240275737001,0,0,0,0,0,0.744267086535608,0,1.3757603979469,0,0,0,0,0,0,0,0,0,2115,0,0,0,0,0,0,0,0,0,0,0,0,0,0,0,27.3884085856462,0,0,0,0,0,0,0,0,0,0,0,0,0,0,0,0,0,0,0,0,0,0,0,0,0,0,0,4.25413177621313,0,0,41.165432186432,0,0,0,0,0.0702247191011236,0,0,0,0,0,0,0,0,0,0,0.140449438202247,0,0,0,0,0,0,0,0,0,0,0,0,0,0.0612745098039216,0,0,0,0,0,0.959828866080744,0,0,0.742383730351645,0,0.242401027641069,0,0,0,0,0.0612745098039216,0,0,0,0,0,0,0,0,"(1.9e+03,2.4e+03]",0,0,0,0,0,0,0,0,0,0,0,0,0,0,0,0,0,0,0,0,0,0,0,0,0,0,0,0,0,0,0,0,0,0,0,0,0,0,0,0,0,0,0,0,0,0,0,0,0,0.0702247191011236,0,0,0,0,0,0.068870523415978,0,0,0,0,0.164580294927889,0,0,3.14089757455587,0,0,0,0,0,0,0,0,0,0,0,0,0,0,0,0,0,0,0,0,0,4.94477726553524,0,0,0,0,0,0.364950047248912,0,0,0,0,0,0,0,0,0,0,0,0,0.0612745098039216,0.140449438202247,0,0,0,0,0,0,0,0,0,0,0,0,0,0,0,0,0,0,0,0,0,0,0,6.98996552377103,0,0,0,0,0,1.73311443158376,0,0,0,0,0,0.068870523415978,0,0,0,0,0,0,0,1.68349852244733,0,0,0,0,0,0,0,0,0,0,0,1.33537919299951,0,0,0,0,0,0,0,0,0.140449438202247,0,0,0,0,0,0,0,0,0,0,0,"lou",0,0,0,0,0,0,0,0,0,0,0,0,0,0,0,0,0,0,0,0,0,0,0,0,0,0,0,0,0,0,0,0,0,0,0,0,0
"33",0,0.241951031424716,0,0,0,0,0,0,0,0,0,0,0,0,0,0,0,0,0,0.0915750915750916,0,0,0,0,0,0.300751879699248,0,0,0.650665124349335,0,0,0,2.60940813572393,0,0,0.967804125698863,0,0,0,0,0,0.0915750915750916,3.94640447272026,0,0,0.333526122999807,0,0,0,0,2192.5,0,0,0,0.51667630614999,0.366300366300366,0,0,0,0,0,0,0,0,0,0,0.0915750915750916,0,0,0,0.0915750915750916,0.0915750915750916,0,0,0,0,0,0,0,0,0,0.333526122999807,0,0,0,0,0,0,0,0,1.20011567379988,0,0,0,2.72700983227299,0,0,0.075187969924812,0,0,0,0,0,0,0,0,0,0,0,0.150375939849624,2.58338153074995,0,0.0915750915750916,0,0,0,0,0,0,0.0915750915750916,0,0,1.15095430884905,0,0,1.07576633892423,0.075187969924812,0.333526122999807,0,0,0,0,0,0,0,0,2.09947946790052,0,0,0,0,0,3.14247156352419,0,0,0,0.0915750915750916,0,0,0,0.075187969924812,0,"(1.9e+03,2.4e+03]",0,0,0,0,0,0.51667630614999,0,0,0,0.075187969924812,0,0,0,0,0.683439367649894,0.258338153074995,0,0,0,0.349913244650087,0,1.30807788702526,0,0.0915750915750916,0,0,0,0,0,0,0,0,0,0,0,0,0,0,0,0,0,0,0,0,0,0,0,0,0,2.06959706959707,0,0,0.0915750915750916,0,0,1.77559282822441,0,0.699826489300174,0.075187969924812,0,0,0,0,0,0,0,0,0,0,0,0,0,0.866589550800077,0,0,0,0,0,0,0,0,0,0,0,4.00231347599769,6.29458261037208,0,0,0,0,0,0,0,0,0,0,0,0,0,0.274725274725275,0,0,0,0,0,48.7015615962984,0,0,0,0,0,0,0,0,0,0,0,0,0,0,0,0,0,0,0,0,0,0,0.349913244650087,0,0,0.075187969924812,0,0,0,0,1.1837285521496,0,0,0,0,0,0,0,0,0,0,0,0,0,0,0,0,0,0,0,0,0,0,0,0,0,0,0,0,0.166763061499904,0,0.241951031424716,0,0,0,0,0.0915750915750916,0,0,0,0,0,0,0,0,0,"tag",0,0,0,0,0,0,0,0,0,0,0,0,1.46809331019857,0.333526122999807,0.0915750915750916,0,0,0,0.0915750915750916,0,0,0,0,0,0,0,0,2.08309234625024,0,0,0,0,0,0,0,0,0
"34",0,0.25,0,0,0,0.0819000819000819,0,0,0,0,0,0,0,0,0,0,0,0,0,0.53639846743295,0,0,0.163800163800164,0,0,0,0,0,1.77493245596694,0,0,0.166666666666667,0,0,0,30.4534675741572,0,0,0,0,0,0.153256704980843,0,0,0,0.890818718404925,0,0,0,0,2118,0,0,0,0,0.0819000819000819,0,0,0,1.45260385777627,0,0,0,0,0,0,0,0,0,0,0,0,0,0,0,0,0,0,0,0,0,0,0,0,0,0,0,0,0,0,0,0,0,0,4.50389496079151,0,0,9.95226260743502,0,0,0,0,0,0,0,0,0.902334152334152,0,0,0,0.329033579033579,0,0.165233415233415,0,0,0,0,0.0766283524904215,0,0,0,0,0.0819000819000819,0.404228680090749,0,0.159961685823755,0.165233415233415,0,0,0,0,0.0819000819000819,0,0,0,0,0.165233415233415,0.311785139371346,0,0,0,0,0,0,0,0,0,0,0,0,0,0,"(1.9e+03,2.4e+03]",0,0,0,0,0,0,0,0,0,0.166666666666667,0,0,0,0,0.241861767723837,0.405661931524,0,0,0,0,0,0,0,0,0,0,0,0,0,0,0,0,0,0,0,0,0,0,0,0,0,0,0,0,0,1.14465719638133,0,0,0,0,0,0,1.07473382473382,0,0,0.25,0,0.0833333333333333,0,0,0.0819000819000819,0,0,0,0,0,0,0.0833333333333333,0,0,0,0,0,0,1.15663390663391,0,0,0.333333333333333,0,0,0,0,0,1.13651896410517,0.158528434390503,0,0.159961685823755,0,0,0,0,0,0,0,0,0,0,0,0,0.153256704980843,0,0,0,0,0,2.19400434917676,0,0,0,0,0,0,0,0,0,0,0,0,0,0,0,0,0,0,0.0833333333333333,0,0,0,0,27.8710356124149,0,0.0833333333333333,0,0,0,0,0.495700245700246,0.0833333333333333,0,0,0,0,0,0,0,0,0.0766283524904215,0,0,0,0,0,0,0,0,0,0,0,0,0.248566748566749,0,0,0,0,0.0766283524904215,4.22708209777175,0,0,0,0,0,0,0,0,0,0,0,0,0,0,0,0,"bon",0,0,0.0833333333333333,0,0,0,0,0,0,0,0,0,0,0,0.0819000819000819,0,3.21939808146705,0,0,0.248566748566749,0,0,0,0,0,0,0,0,0,0.991400491400491,0,0,0,0,0,0,0
"35",0,0,0,0,0,0,0,0,0,0,0,0,0,0,0,0,0,0,0,0,0,0,0.142450142450142,0,0,0.0712250712250712,0.503184179654768,0,1.20306200179138,0,0,0,0.550314465408805,0,0,0,0,0,0.355600843181692,0,1.28230382440264,0,0,0,0,0,0,0,0,0,2685,0,0,0,0,0,0,0,0,0,0,0,0,0,0,0,10.715812424259,0,0,0,0,0,0,0,0,0,0,0.0786163522012579,0,0,0,0,0,0,0,0,0,0,0,0,0,0,0,0,1.04162890674047,0,0,35.0855605606074,0,0,0,0,0,0,0,0,0,0,0,0,0,0,0,0.12738951379925,0,0,0,0,0,0,0,0,0,0,0,0,0,0.341311173719609,0,0,0,0,0,0.157232704402516,0,0,3.06795867839153,0,0.276984490980434,0,0,0,0,0,0,0,0,0,0,0,0,0,"(2.4e+03,2.9e+03]",0,0,0,0,0,0,0,0,0,0,0,0,0,0,0,0,0,0,0,0,0,0,0,0,0,0,0,0,0,0,0,0,0,0,0,0,0,0,0,0,0,0,0,0,0.0783699059561128,0,0,0,0,0.0783699059561128,0,0,0,0,0,0.434463641628095,0,0,0.156739811912226,0,0,0,0,11.0133715710852,0,0,0,0,0,0,0,0,0,0,0,0,0,0,0,0,0,0,0,0,0,14.8446038343279,0,0,0,0,0,1.67130141727333,0,0,0,0,0,0,0,0,0,0,0,0,0.0980392156862745,0,0,0,0,0,0,0,0,0.0783699059561128,0,0,0,0,0,0,0,0,0,0,0,0,0,0,0,6.16275811595189,0,0.284900284900285,0,0,0,2.10326052570302,0,0,0,0,0,0,0.0783699059561128,0,0,0,0.0712250712250712,0,0,1.18377171622608,0,0,0,0,0,0,0,0,0,0,0,6.51899969459003,0,0,0,0,0,0,0,0,0,0,0,0,0,0,0,0,0,0,0,0.142450142450142,"lou",0,0,0,0,0,0,0,0,0,0,0,0,0,0,0,0,0,0,0,0,0,0,0,0,0,0,0,0,0,0,0,0,0,0,0,0,0
"36",0,0,0,0,0,0,0,0,0,0,0,0,0.119196596170692,0,0,0,0,0,0,0,0,0,0,0,0,0.203562340966921,0,0,0,0,0,0,0,0,0,0,0,0,0,0,0,0,0,0,0,0,0,0,0,0,2584.33333333333,0,0,0,0,0,0,0,0,0,0,0,0,0,0,2.44461355151175,0,0,0,0,0,0,0,0,0,0,0,0,0,0,0.762221558844016,0,0,0,0,0,0,0,0,0,0,0,0,0,0,0,0,0,0,0,0,0,0,0,0,0,0,0,0,0,0,0,0,0,0,0.238393192341384,0,0,0,0,0,0,0,0,0,0,0,0,0,0,0,0,0,93.1033475276073,0,0,0,0,0,0,0,0,0,0,0,0,0,0,0,0,0,0,"(2.4e+03,2.9e+03]",0,0,0,0,0,0,0,0,0,0,0,0,0,0,0,0,0,0,0,0,0,0,0,0,0,0,0,0,0,0,0,0,0.119196596170692,0,0,0,0,0,0,0,0,0,0,0,0,0,0,0,0,0,0,0,0,0,0,0,0,0,0,0,1.07013080590898,0,0,0,0,0,0,0,0,0,0,0,0,0,0,0,0,0,0,0,0,0,0,0,0,0,0,0,0,0,0,0,0,0,0,0,0,0,0,0,0,0,0,0,0,0,0,0,0,0,0,0,0,0,0,0,0,0,0,0,0,0,0,0,0,0,0,0,0,0.0508905852417303,0,0.0508905852417303,0,0,0,0.46811508384549,0,0,0,0,0,0,0,0,0,0,0,0,0,0,0,0,0,0,0,0,0.136612021857924,0,0,0,0,0,0,0,0,1.23282955429141,0,0,0,0,0,0,0,0,0,0,0,0,0,0,0,0,"yac",0,0,0,0,0,0,0,0,0,0,0,0,0,0,0,0,0,0,0,0,0,0,0,0,0,0,0,0,0,0,0,0,0,0,0,0,0
"37",0,0,0,0,0,0,0,0,0,0.485436893203883,0,0,0,0,0.242718446601942,0,0,0,0,0,0,0,0,0,0,0,0,0,0.242718446601942,0,0,0,0,0,0.242718446601942,0,0,0,0.728155339805825,0,0,0,0,0,0,0,0,0,0.242718446601942,0,2630,0,0,0,2.42718446601942,0,0,0.242718446601942,0,0,0,0,0,0,0,0,0,0,0,0,0,0,0,0,0,16.504854368932,0,0,0,0,0,0,0,0,0,0,0,0,0,0,0,0,0,0,0,0,0,18.2038834951456,0,0.485436893203883,0,0,0,0,0,0,0,0.728155339805825,0,0,0,0,0,0,0,0,0,0,0,0,0,0,0.970873786407767,0.728155339805825,0,0,0,0,0,0,0,0,0,0,15.5339805825243,0,0.485436893203883,0,0,0,0,0,0.728155339805825,0,0,0,0,0,0,0,0,0,"(2.4e+03,2.9e+03]",0,0,0,0,0,0,0,0,0,0,0,0,0.242718446601942,0,2.66990291262136,0,0,0,0,0,0,0,0,0,0,0,0,0,0,0,0,0,0,0,0,0,0,0,0,0,0,0,0,0,0,0,0,0,0,0,0,0,0,0,0,10.1941747572816,0,0,0,0,0.485436893203883,0,0.485436893203883,0,0,0,0,0,0,0,0,0,0,0,0,0,0,0.485436893203883,0,0,0,0,0,0,0,0,0,0,0,0,0,0,0,0,0,0,0,0,0,0,0,0,0,0,0,11.1650485436893,0,0,0,0,0,0,0,0,0,0,0,0,0,0,0,0,0.485436893203883,0,0,0,0,0,0,6.31067961165049,0,0,0,0,0.970873786407767,0,0,0,0,0,0,0,0,0,0,0,0,0,0,0,0,0,0,0,0,0,0,0,0,0,0.970873786407767,0,0,1.69902912621359,0,0,0,0,0,0,0.242718446601942,0,0,0,0,0,0,0,0,0,0,0,"ava",0,0,1.21359223300971,0,0,0,0,0,0,0,0,0,0,0,0,1.69902912621359,0,0,0,1.21359223300971,0,0,0,0,0,0,0,0,0.242718446601942,0,0,0,0,0,0,0,0
"38",0,0,0,0,0.194552529182879,0,0,0,0,0.194552529182879,0,0,0.583657587548638,0,0,0,0,0,0,0,0,0,0,0,0,0,0,0,1.16731517509728,0,0,0,0,0,0,0,0,0,0,0,0,0,0,0,0,0,0,0,0,0.194552529182879,2499,0,0,0,0,0,0,0,0,0,0,0,0,0,0,0,0,0,0,0,0,0,0,0,0,0,0,0,0,0,0,0,0,0,0,0,0,0,0,0,0,0,0,0,0,0,0,18.4824902723735,0,0,0,0,0,0,0,0,0,0,0,0,0,0,0,0,0,0,0,0,0,0,0,0,1.16731517509728,0,0,0,0,0,0,0,0,0,0,0,0,0,0.389105058365759,0,0,0,0,0,0,0,0,0,0,0,0,0,0,0.194552529182879,"(2.4e+03,2.9e+03]",0,0,0,0,0,0,0,0,0,0,0,0,0,0,0,0,0,0,0,0,0,0,0,0,0,0,0,0,0,0,0,0,0,0,0,0,0,0,0,0,0,0,0,0,0,0,0,0,0,0,0,0,0,0,0,29.3774319066148,0,0,0,0,0,0,0,0,0,0,0,0,0,0,0,0,0,0,0,1.55642023346304,0,0,0,0,0,0,0,0,0,0,0,0,0,0,0,0,0,0,0,0,0,0,0,0,0,0,0,0,0,10.5058365758755,0,0,0,0,0,0,0,0.194552529182879,0,0,0,0,0,0,0,0,0,0,0,0,0,0,0,9.14396887159533,0,0,0,2.33463035019455,0,0,0,0,0,0,0,0,0,0,0,0,0,0,0,0,0,0,0,0,0,0,0,0,0,0,0,0.972762645914397,0,1.75097276264591,0,0,0,0,0,0,0,0.194552529182879,0,0,0,0,0,0,0,0,0,0,"ngo",0,0,0,0,0,0,0,0,0,10.1167315175097,0,0,0,0.389105058365759,0,0,0,0,0,10.8949416342412,0,0,0,0,0,0,0,0,0,0,0,0,0,0,0,0,0
"39",0,0.0768049155145929,0,0,0,0.0768049155145929,0,0,0,0,0,0,0,0,0,0,0,0,0,0.153609831029186,0,0,0,0,0,0.153609831029186,0,0.384615384615385,0.4354247902635,0,0,0,2.84473590925204,0,0,0.461420300129978,0,0,0,0,0,0,1.94789081885856,0,0,0.410020087439442,0,0,0,0,2610,0,0,0,0.794044665012407,0,0,0,0,0,0,0,0,0,0,0,0,0,0,0,0,0.128205128205128,0,0,0,0,0,0,0,0,0,0.0768049155145929,0,0,0,0,0,0,0,0,1.97329552168262,0,0,0,1.64008034975777,0,0,0.460829493087558,0,0,0,0,0,0,0,0,0,0,0,0.128205128205128,2.86895899799126,0,0.128205128205128,0,0,0,0,0,0,0.307219662058372,0,0,1.5372799243767,0,0,0.846035684745362,0.153609831029186,0.461420300129978,0,0,0,0.0768049155145929,0,0,0,0,2.94753633463311,0,0,0,0,0,2.69053527118043,0,0,0,0,0,0,0,0.410020087439442,0,"(2.4e+03,2.9e+03]",0,0,0,0,0,3.91705069124424,0,0,0,0,0,0,0,0,0.563629918468628,0.205010043719721,0,0,0,0.205010043719721,0,0.87144038756942,0,0,0,0,0,0.128205128205128,0,0,0,0,0,0,0,0,0,0,0,0,0,0,0,0,0,0,0,0,0,0.948245303084013,0,0,0.153609831029186,0,0,1.5372799243767,0,0.230414746543779,0.205010043719721,0,0,0,0,0,0,0.256410256410256,0,0,0,0.205010043719721,0,0,0.512229705778093,0,0,0,0,0,0,0,0,0,0,0,3.53420772775611,8.51057544605932,0,0,0,0,0,0,0.128205128205128,0,0,0,0,0,0,0.205010043719721,0,0,0,0.0768049155145929,0,44.70459647879,0,0,0,0,0,0,0,0,0,0,0,0,0,0,0,0,0,0,0,0.230414746543779,0,0,0.537634408602151,0,0,0.128205128205128,0,0,0,0,0.0768049155145929,0,0,0,0,0,0,0,0,0,0.128205128205128,0,0,0,0,0,0,0,0,0,0,0,0,0,0,0,0,0,0,0.128205128205128,0,0,0,0,0,0,0,0,0,0,0,0,0,0,0,0,"tag",0,0,0,0,0,0,0,0,0,0,0,0,0.0768049155145929,0.743235259364292,0,0,0,0,0,0,0,0,0,0,0,0,0,6.27850643979676,0,0,0,0,0,0,0,0,0
"40",0,0.255341323606045,0,0,0,0,0,0,0,0,0,0,0,0,0,0,0,0,0,0,0,0,0.123762376237624,0,0,0,0,0,4.81240229286086,0,0,0,0,0,0,25.6878582595102,0,0,0,0,0,0.526315789473684,0,0,0,0.897602918186555,0,0,0,0,2618.5,0,0,0,0.131578947368421,0,0,0,0,1.02918186555498,0,0,0,0,0,0,0.123762376237624,0,0,0,0,0,0,0,0,0,0,0,0,0,0,0,0,0,0,0,0,0,0,0,0,0,0,0,7.06487754038562,0,0,7.48957790515894,0,0,0,0,0.263157894736842,0,0,0,0.131578947368421,0,0,0,0.371287128712871,0,0.386920270974466,0,0,0,0,0,0,0.131578947368421,0,0,0,0.742574257425743,0,0,0.123762376237624,0,0,0,0,0,0,0,0,0,0.263157894736842,0.263157894736842,0,0,0,0,0.123762376237624,0,0,0,0,0,0,0,0,0,"(2.4e+03,2.9e+03]",0,0,0,0,0,0,0,0,0,0.131578947368421,0,0,0,0,0,0.123762376237624,0,0,0,0,0,0,0,0,0,0,0,0,0,0,0,0,0,0,0,0,0,0,0,0,0,0,0,0,0,0.75039082855654,0,0,0,0,0,0,2.29025534132361,0.131578947368421,0,0.394736842105263,0,0,0.131578947368421,0,0,0,0,0,0,0.379103699843669,0,0,0,0,0,0,0,0,9.26133402813966,0,0,0.897602918186555,0,0,0,0,0,0.642261594580511,0,0.131578947368421,0,0,0,0,0,0,0,0,0,0,0,0,0,0,0,0,0,0.123762376237624,0,0.502866076081292,0,0,0,0,0,0,0,0,0,0,0,0,0,0,0,0,0,0,0,0,0,0,0,24.4828035435122,0,0.123762376237624,0,0,0,0,2.8009379885357,0,0,0,0,0,0,0,0,0,0.123762376237624,0,0,0,0,0,0,0,0,0,0,0,0,0.123762376237624,0,0,0,0,0,0.91323606044815,0,0,0,0,0,0,0,0,0,0,0,0,0,0,0,0,"bon",0,0,0,0,0,0,0,0,0,0,0,0,0,0,0,0,2.57686294945284,0,0,0.123762376237624,0,0,0,0,0,0,0,0,0,1.89551849921834,0,0,0,0,0,0,0
"41",0,0,0,0,0,0,0,0,0,0,0,0,0,0,0,0,0,0,0,0,0,0,0,0,0,0.906344410876133,0.933176975671808,0,1.0842343774845,0,0,0,0.604229607250755,0,0,0,0,0,0,0,1.31578947368421,0,0,0,0,0,0,0,0,0,3107,0,0,0,0,0,0,0,0,0,0,0,0,0,0,0,5.91111464461759,0,0,0,0,0,0,0,0,0,0,0,0,0,0,0,0,0,0,0,0,0,0,0,0,0,0,0,2.40002385116871,0,0,20.5964779774209,0,0,0,0,0.164473684210526,0,0,0,0,0,0,0,0,0,0,0,0,0,0,0,0,0,0,0,0,0,0,0,0,0.768703291461282,0,0,0,0,0,0.164473684210526,0,0,0.768703291461282,0,0.315531086023215,0,0,0,0,0,0,0,0,0,0,0,0,0,"(2.9e+03,3.4e+03]",0,0,0,0,0,0,0,0,0,0,0,0,0,0,0,0,0,0,0,0,0,0,0,0,0,0,0,0,0,0,0,0,0,0,0,0,0,0,0,0,0,0,0,0,0,0,0,0,0,0,0,0,0,0,0,0.906344410876133,0,0,0,0,0.151057401812689,0,0,14.8766695818095,0.151057401812689,0,0,0,0,0,0,0,0,0,0,0,0,0,0,0,0,0,0,0,0,5.81372237239625,0,0,0,0,0,0.946593258069645,0,0,0,0,0,0,0,0,0,0,0,0,0,0,0,0,0,0,0,0,0,0,0,0,0,0,0,0,0,0,0,0,0,0,0,0,0,1.57765543011608,0,0.151057401812689,0,0,0,1.90660279853713,0,0,0,0,0,0,0.151057401812689,0,0,0,0,0,0,0.822368421052632,0,0,0,0,0.164473684210526,0,0,0,0,0,0,36.1459492765145,0,0,0,0,0,0,0,0,0,0,0,0,0,0,0,0,0,0,0,0,"lou",0,0,0,0,0,0,0,0,0,0,0,0,0.151057401812689,0,0,0,0,0,0,0,0,0,0,0,0,0,0,0,0,0,0,0,0,0.151057401812689,0,0,0
"42",0,0,0,0,0,0,0,0,0,0,0,0,0,0,0,0,0,0,0,0,0.151975683890578,0,0,0,0,0.403225806451613,0,0,0,0,0,0,0,0,0,0,0,0,0,0,0,0,0,0,0,0,0,0,0,0,3022,0,0,0,0,0,0,0,0,0,0.303951367781155,0,0,0,0,1.76641092263947,0,0,0,0,0,0,0,0,0,0,0,0,0,0,1.92298264535739,0,0,0,0,0,0,0,0,0,0,0,0,0,0,0,0,0.151975683890578,0,0,0,0,0,0,0,0,0,0,0,0,0,0,0,0,0,0,0,0,0,0,0,0,0,0,0,0,0,0,0,0,0,0,0,89.8871825669183,0,0,0,0,0,0,0,0,0,0,0,0,0,0,0,0,0,0,"(2.9e+03,3.4e+03]",0,0,0,0,0,0,0,0,0,0,0,0,0,0,0,0,0,0,0,0,0,0,0,0,0,0,0,0,0,0,0,0,0,0,0,0,0,0,0,0,0,0,0,0,0,0,0,0,0,0,0,0,0,0,0,0,0,0,0,0,2.58052260025493,0,0,0,0,0,0,0,0,0,0,0,0,0,0,0,0,0,0,0,0,0,0,0,0,0,0,0,0,0,0,0,0,0,0,0,0,0,0,0,0,0,0,0,0,0,0,0,0,0,0,0,0,0,0,0,0,0,0,0,0,0,0,0,0,0,0,0,0,0.455927051671732,0,0,0,0,0,1.46705559368566,0,0,0,0,0,0,0,0,0,0,0,0,0,0,0,0,0,0,0,0,0.100806451612903,0,0,0.151975683890578,0,0,0,0,0,0.656007941955094,0,0,0,0,0,0,0,0,0,0,0,0,0,0,0,0,"yac",0,0,0,0,0,0,0,0,0,0,0,0,0,0,0,0,0,0,0,0,0,0,0,0,0,0,0,0,0,0,0,0,0,0,0,0,0
"43",0,0,0,0,0,0,0,0,0,0.0871080139372822,0,0,0.335570469798658,0,0,0,0,0,0,0,0,0,0,0,0,0,0,0,0.509786497673222,0,0,0,0,0,0,0,0,0,0,0,0,0,0,0,0,0,0,0,0,0.174216027874564,3171,0,0,0,0,0,0,0,0,0,0,0,0,0,0,0.288450295816477,0,0,0,0,0,0,0,0,0,0,0,0,0,0,0,0,0,0,0,0,0,0,0,0,0,0,0,0,0,0,0,12.239202113977,0,0,0,0,0,0,0,0,0,0,0,0,0,0,0,0,0,0,0,0,0,0,0.482660243668592,0,4.9594275425017,0.0871080139372822,0,0,0,0,0,0,0,0,0,0,0,0,0.462666323691041,0,0,0,0,0,0,0,0,0,0,0,0,0,0,0,"(2.9e+03,3.4e+03]",0,0,0,0,0,0,0,0,0,0,0,0,0,0,0,0.174216027874564,0,0,0,0,0,0,0,0.985314407314735,0,0,0,0,0,0,0,0,0,0,0,0,0,0,0,0,0,0,0.0871080139372822,0,0,0,0,0,0,0,0,0,0,0,0,14.5126628159858,0,0,0,0,0,0,0,0,0,0,0,0,0,0,0,0,0,0,0,6.1744966442953,0,0,0,0,0,0,0,0,0,0,0,0,0,0,0,0,0,0,0,0,0.261324041811847,0,0,0,0,0,0,0,0,0.268456375838926,0,0,0,0,0,0,0,0.0671140939597315,0,0,0,0,0,0,0,0,0,0,0,0,0,0,0,4.77655917498772,0,0,0,0.0871080139372822,0,0,0,0,0,0,0,0,0,0,0,0,0,0,0,0,0,0,0,0,0,0,0,0,0,0,0,3.21013492972897,0,1.36087271706849,0,0,0,0,0,0,0,0.308444215794028,0,0,0,0,0,0,0,0,0,0,"ngo",0,0,0,0,0,0,0,0,0,37.4486121179524,0,0,0,1.53508874494306,0,0,0,0,0,9.11629212169399,0,0,0,0,0,0,0,0,0,0,0,0,0,0,0,0,0
"44",0,0,0,0,0,0,1.12359550561798,0,0,0,0,0,0,0,0,0,0,0,0,0,0,0,0,0,0,0,0,0,0,0,0.561797752808989,0,0,0.842696629213483,0,1.12359550561798,0,0,0.280898876404494,0,0,0,0,0,0,0,0,0,0,0,3092.2,0,0,0,0,0,0,0,0,0,0,0,0,6.17977528089888,0,0,0,0,0,0,0,0,0,0,0,0,0,0,0,0,0,0,0,0,0,2.52808988764045,6.17977528089888,1.68539325842697,0,0,0,0,0,6.74157303370786,0,0,0,0,2.80898876404494,0,0,0.280898876404494,0,14.8876404494382,0,0,0,0,0,0,0,0,0,0,0,0,0,0,0,0,0,0,0,0,0.280898876404494,0,0,0,0,0,0,0,0,0,0,0,0,0,0,0,0,0,0,0,0,0,0.561797752808989,0,0,0,0,0,"(2.9e+03,3.4e+03]",0,0,0,0,0,0,0,0,0,0,0,0,0,0,0,0,0,0,0,0,0,0,0,0,0,0,0,0,0,0,0,1.40449438202247,0,0,0,3.08988764044944,0,1.12359550561798,0,0,0,0,0,0,0,0,0,0,0,0,0,0,0,0,0,0,0,0,0,0,0,0,0,0,0,0,0,0,0,0,0,0,23.0337078651685,0,0,0.842696629213483,0,0,0,0,0.561797752808989,0,0,0,0,0,0,0,0,3.08988764044944,0,1.12359550561798,0,0,0,0,0,0,0,0,0,0,0,0,0,0,0,0,0,0,1.12359550561798,0,0.280898876404494,0,0,1.12359550561798,0,0,0,0,0,0,0,0,1.12359550561798,0,0,0,0,0,4.21348314606742,0,0,0,0,0,0,0,0,0,0,0,0,0,0,0.561797752808989,0,0,0,1.40449438202247,0,0,1.12359550561798,0,0,0,0,0,0,0,0,0,4.21348314606742,0,0,0,0,0,0,0,0,0,0,0,0,0,0,0,0,0,0,0,"wai",0,0,0,0.280898876404494,0,0,0,0,0,0,0,0,0,0,0,0,0,0,0,0,0,0,0,0,0,0,0,0,0,0.280898876404494,0,3.08988764044944,0,0,0.280898876404494,0.561797752808989,0
"45",0,0.0367511944138184,0,0,0,0.111064616242982,0,0,0,0,0,0,0,0,0,0,0,0,0,0.068870523415978,0,0,0,0,0,0,0,0,2.37323269680603,0,0,0,1.00884527701016,0,0,1.03524873607456,0,0,0,0,0,0.0421940928270042,1.84837612123534,0,0,0.216686334072779,0,0,0,0,3129.33333333333,0,0,0,0.326128884312707,0.068870523415978,0,0,0,0,0,0,0,0,0,0,0,0,0,0,0.147815810656801,0,0,0,0,0,0,0,0,0,0,0.0735023888276369,0,0.0421940928270042,0,0,0,0,0,0,1.05949206765895,0,0,0,2.1973527221547,0,0,0.0421940928270042,0,0,0,0,0,0,0,0,0,0,0,0.0421940928270042,1.84238727977301,0,0.216686334072779,0,0,0,0,0,0,0.232203996310809,0,0,0.422213899794614,0,0,0.157890574481645,0.111064616242982,0.216686334072779,0,0,0,0.0367511944138184,0,0,0,0,1.75093412970277,0,0,0,0,0,2.2752526437965,0,0,0,0,0,0,0,0.0735023888276369,0,"(2.9e+03,3.4e+03]",0,0,0,0,0,6.87216174493241,0,0,0,0,0,0,0,0,0.595084075037335,0.210970464135021,0,0,0,0.0789452872408227,0,0.929899989769335,0,0,0,0,0,0,0,0,0,0,0,0,0,0,0,0,0,0,0,0,0,0,0,0,0,0,0,0.854502563414072,0,0,0,0,0,0.840068905702141,0,0.348984482491549,0,0,0,0,0,0,0,0.597517174041915,0,0,0,0,0,0,0.845511804115326,0,0,0,0,0,0,0,0,0,0,0,2.66450542423254,6.99576036775647,0,0,0,0,0.0421940928270042,0,0,0,0,0,0,0,0,0.0367511944138184,0,0,0,0.24772165854884,0,54.6064194674987,0,0,0,0,0,0,0,0,0,0,0,0,0,0,0,0,0,0,0,0,0,0,0.792431914461951,0.0367511944138184,0,0.756491753049659,0,0,0,0,0.653606863103896,0,0,0,0,0,0,0,0,0,0.0843881856540084,0.0421940928270042,0,0,0,0,0,0,0,0,0,0,0,0.068870523415978,0,0,0,0,0,0,0,0.153258709069986,0,0,0,0,0,0,0,0,0,0,0,0,0,0,"tag",0,0,0.0367511944138184,0,0,0,0,0,0,0,0,0,1.07335690653905,0.110253583241455,0,0,0,0,0.137741046831956,0,0,0,0,0,0,0,0,1.21031767772436,0,0,0,0,0,0,0,0,0
"46",0,0.598802395209581,0,0,0,0,0,0,0,0,0,0,0,0,0,0,0,0,0,0,0,0,0,0,0,0,0,0,2.39520958083832,0,0,0,0,0,0,10.1796407185629,0,0,0,0,0,0,0,0,0,2.39520958083832,0,0,0,0,2940,0,0,0,0.598802395209581,0,0,0,0,1.79640718562874,0,0,0,0,0,0,0,0,0,0,0,0,0,0,0,0,0,0,0,0,0,0,0,0,0,0,0,0,0,0,0,0,0,0,13.7724550898204,0,0,1.19760479041916,0,0,0,0,0,0,0,0,0.29940119760479,0,0,0,2.9940119760479,0,0.598802395209581,0,0,0,0,0,0,0,0,0,0,0,0,0,1.19760479041916,0,0,0,0,0,0,0,0,0,0,0,0,0,0,0,0.598802395209581,0,0,0,0,0,0,0,0,0,"(2.9e+03,3.4e+03]",0,0,0,0,0,0,0,0,0,0,0,0,0,0,0.29940119760479,1.19760479041916,0,0,0,0.29940119760479,0,0,0,0,0,0,0,0,0,0,0,0,0,0,0,0,0,0,0,0,0,0,0,0,0,0.598802395209581,0,0,0,0,0,0,4.79041916167665,0,0,1.79640718562874,0,0,0,0,0,0,0,0,0,0,0,0.29940119760479,0,0,0,0,0,0,16.7664670658683,0,0,0,0,0,0,0,0,0.598802395209581,0.29940119760479,1.19760479041916,0,0,0,0,0,0,0,0,0,0,0,0,0,0,0,0,0,1.79640718562874,0,2.9940119760479,0,0,0,0,0,0,0,0,0,0,0,0,0,0,0,0,0,0,0,0,0,0,0,13.7724550898204,0,0.29940119760479,0,0,0,0,8.98203592814371,0,0,0,0,0,0,0,0,0,0.29940119760479,0,0,0,0,0,0,0,0,0,0,0,0,0.29940119760479,0,0,0,0,0.598802395209581,0,0,0,0,0,0,0,0,0.29940119760479,0,0,0,0,0,0,0,0,"bon",0,0,0.29940119760479,0,0,0,0,0,0,0,0,0,0,0,0,0,0.598802395209581,0,0,0,0,0,0,0,0,0,0,0,0,2.9940119760479,0,0,0,0,0,0,0
"47",0,0,0,0,0,0,0,0,0,0,0,0,0,0,0,0,0,0,0,0,0,0,0,0,0,0.26615943089261,1.33079715446305,0,1.2012012012012,0,0,0,0.41630958104276,0,0,0,0,0,0,0,0.464037122969838,0,0,0,0,0,0,0,0,0,3644.5,0,0,0,0,0,0,0,0,0,0,0,0,0,0,0,9.73850881043456,0,0,0,0,0,0,0,0,0,0,0,0,0,0,0,0,0,0,0,0,0,0,0,0,0,0,0,1.63109745476335,0,0,48.8632483992113,0,0,0,0,0,0,0,0,0,0,0,0,0,0,0,0,0,0,0,0,0,0,0,0,0,0,0,0,0,0.764337423270138,0,0,0,0,0,0.3003003003003,0,0,0.764337423270138,0,0.116009280742459,0,0,0,0,0,0,0,0,0,0,0,0,0,"(3.4e+03,3.9e+03]",0,0,0,0,0,0,0,0,0,0,0,0,0,0,0,0,0,0,0,0,0,0,0,0,0,0,0,0,0,0,0,0,0,0,0,0,0,0,0,0,0,0,0,0,0,0,0,0,0,0,0,0,0,0,0,0.532318861785219,0,0,0,0,0.15015015015015,0,0,2.54558502818364,0.15015015015015,0,0,0,0,0,0,0,0,0,0,0,0,0,0,0,0,0,0,0,0,1.7265525386175,0,0,0,0,0,1.39907889327843,0,0,0,0,0,0,0,0,0,0,0,0,0.600600600600601,0,0,0,0,0,0,0,0,0,0,0,0,0,0,0,0,0,0,0,0,0,0,0,0,2.06099370832549,0,0,0,0,0,2.27942559729103,0,0,0,0,0,0,0.15015015015015,0,0,0,0.116009280742459,0,0,0.614187273119988,0,0,0,0,0,0,0,0,0,0,0,21.4362854734084,0,0,0,0,0,0,0,0,0,0,0,0,0,0,0,0,0,0,0,0,"lou",0,0,0,0,0,0,0,0,0,0,0,0,0,0,0,0,0,0,0,0,0,0,0.382168711635069,0,0,0,0,0,0,0,0,0,0,0,0,0,0
"48",0,0,0,0,0,0,0,0,0,0,0,0,0,0,0,0,0,0,0,0,0,0,0.586002832966479,0,0,0,0,0,0.50278960474749,0,0,0,0,0,0,0,0,0,1.19678379840511,0,0,0,0,0,0,0,0,0,0,0,3822.5,0,0,0,0,0,0,0,0,0,0,0,0,0,0,8.23934850030353,0,0,0,0,0,0,0,0,0,0,0,0,0,0,0,0,0,0,0,0,0,0,0,0,0,0,0,0,0,0,0,0,0,0,0.323974082073434,0,0,0,0,0,0,0,0,0,0,0,0,0.215982721382289,0,0.0956022944550669,0,0,0,0,0,0,0,0,0,0,0,0,0,0,0,0,0,43.0166963315975,0,0,0.215982721382289,0,0,0,0,0,0,0,0,0,0,0,0,0,0,0,"(3.4e+03,3.9e+03]",0,0,0,0,0,0,0,0,0,0,0,0,0,0,0,0,0,0,0,0,0,0,0,0,0,0,0,0,0,0,0,0,0.0956022944550669,0,0,0,0,0,0,0,0,0,0,0,0,0,0,0,0,0,0,0,0,0,0,0,0,0,0,0,2.11914977968111,0,0,0,0,0,2.57589335491784,0,0,0,0,0,0,7.22138022457247,0,0,0,0.311585015837356,0,0,0,0,0,0,0,0,0,0,0,0,0,0,0,0,4.94468281925591,0,0,0,0,0,0,0,0,0,0,0.586002832966479,0,0,0,0,0,0,0,0,0,0,0,0,0,0,0,0,0,0,0,0,0,0,0,3.00434856224886,0,0.598391899202557,0,0,0,21.1914977968111,0,0,0,0,0,0,0,0,0,0,0.107991360691145,0,0,0,0,0,0,0,0,0,0,0,0,0,0,0,0,0,0,2.44312386175454,0,0,0,0,0.407187310292423,0,0,0,0,0,0,0,0,0,0,0,"vol",0,0,0,0,0,0,0,0,0,0,0,0,0,0,0,0,0,0,0,0,0,0,0,0,0,0,0,0,0,0,0,0,0,0,0,0,0
"49",0,0,0,0,0,0,0,0,0,0,0,0,0,0,0,0,0,0,0,0,0.503778337531486,0,0,0,0,0,0,0,0,0,0,0,0,0,0,0,0,0,0,0,0,0,0,0,0,0,0,0,0,0,3446,0,0,0,0,0,0,0,0,0,0.251889168765743,0,0,0,0,1.7632241813602,0,0,0,0,0,0,0,0,0,0,0,0,0,0,6.54911838790932,0,0,0,0,0,0,0,0,0,0,0,0,0,0,0,0,0,0,0,0,0,0,0,0,0,0,0,0,0,0,0,0,0,0,1.25944584382872,0,0,0,0,0,0,0,0,0,0,0,0,0,0,0,0,0,85.1385390428212,0,0,0,0,0,0,0,0,0,0,0,0,0,0,0,0,0,0,"(3.4e+03,3.9e+03]",0,0,0,0,0,0,0,0,0,0,0,0,0,0,0,0,0,0,0,0,0,0,0,0,0,0,0,0,0,0,0,0,0.251889168765743,0,0,0,0,0,0,0,0,0,0,0,0,0,0,0,0,0,0,0,0,0,0,0,0,0,0,0,2.77078085642317,0,0,0,0,0,0,0,0,0,0,0,0,0,0,0,0,0,0,0,0,0,0,0,0,0,0,0,0,0,0,0,0,0,0,0,0,0,0,0,0,0,0,0,0,0,0,0,0,0,0,0,0,0,0,0,0,0,0,0,0,0,0,0,0,0,0,0,0,0.503778337531486,0,0,0,0,0,0.503778337531486,0,0,0,0,0,0,0,0,0,0,0,0,0,0,0,0,0,0,0,0,0,0,0,0,0,0,0,0,0,0,0,0.251889168765743,0,0,0.251889168765743,0,0,0,0,0,0,0,0,0,0,0,"yac",0,0,0,0,0,0,0,0,0,0,0,0,0,0,0,0,0,0,0,0,0,0,0,0,0,0,0,0,0,0,0,0,0,0,0,0,0
"50",0,0,0,0,0,0.20746887966805,0,0,0,0,0,0,0,0,0,0,0,0,0,0.633756140080082,0,0,0,0,0,0.437636761487965,0,0.20746887966805,0.956308960658089,0,0,0,1.06571815103008,0,0,0.218818380743982,0,0,0,0,0,0,5.28319275084667,0,0,0,0,0,0,0,3648,0,0,0,0.858249271362031,0,0,0,0,0,0,0,0,0,0,0,0,0,0,0,0.426287260412032,0,0.109409190371991,0,0,0,0,0,0,0,0,0.103734439834025,0,0,0,0.103734439834025,0,0,0,0,2.13143630206016,0,0,0,7.67725650780392,0,0,0.109409190371991,0,0,0,0,0,0,0,0,0,0,0,0.328227571115974,1.82590773309605,0,0,0,0,0,0,0,0,0.109409190371991,0,0,0.956308960658089,0,0,0.967658461734022,0,0.109409190371991,0,0,0,0.109409190371991,0,0,0,0,1.05436864995415,0.103734439834025,0,0,0,0,2.13711105259813,0,0,0,0.20746887966805,0,0,0,0,0,"(3.4e+03,3.9e+03]",0,0,0,0,0,1.88991891916431,0,0,0,0,0,0,0,0,0.431962010949999,0.213143630206016,0,0,0,0.109409190371991,0,0.633756140080082,0,0,0,0,0,0.103734439834025,0,0,0,0,0,0,0,0,0,0,0,0,0,0,0,0,0,0,0,0,0,1.05436864995415,0,0,0.103734439834025,0,0,0.628081389542116,0,0.431962010949999,0.322552820578007,0,0,0,0,0,0,0.20746887966805,0,0,0,0.109409190371991,0,0,0.841225019748132,0,0,0,0,0,0,0,0,0,0,0,1.90126842024025,15.4030888802128,0,0,0,0,0,0,0,0,0,0,0,0,0,0,0,0,0,0.213143630206016,0,40.2460117853219,0,0,0,0,0,0,0,0,0,0,0,0,0,0,0,0,0,0,0,0.54137120132199,0,0,1.29588603285,0,0,0.967658461734022,0,0,0,0,0.967658461734022,0,0,0,0,0,0,0,0,0,0,0,0,0,0,0,0,0,0,0,0,0,0,0.103734439834025,0,0,0,0,0,0,0,0.311203319502075,0,0,0,0,0,0,0,0,0,0,0,0,0,0,"tag",0,0,0,0,0,0,0,0,0,0,0,0,1.05436864995415,0.218818380743982,0,0,0,0,0.20746887966805,0,0,0,0,0,0,0,0,1.04869389941618,0,0,0,0,0,0,0,0,0
"51",0,0,0,0,0.12987012987013,0,0,0,0,0.12987012987013,0,0,0,0,0,0,0,0,0,0,0,0,0,0,0,0,0,0,0.912622941911645,0,0,0,0,0,0,0,0,0,0,0,0,0,0,0,0,0,0,0,0,0.313807531380753,3613,0,0,0,0,0,0,0,0,0,0,0,0,0,0,0.104602510460251,0,0,0,0,0,0,0,0,0,0,0,0,0,0,0,0,0,0,0,0,0,0,0,0,0,0,0,0,0,0,0,16.5464869858175,0,0,0,0,0,0,0,0,0,0,0,0,0,0,0,0,0,0,0,0,0,0.732217573221757,0,0,1.77824267782427,0.25974025974026,0,0,0,0,0,0,0,0,0,0,0,0,0.862087703091887,0,0,0,0,0,0,0,0,0,0,0,0,0,0,0,"(3.4e+03,3.9e+03]",0,0,0,0,0,0,0,0,0,0,0,0,0,0,0,0.782752812041515,0,0,0,0,0,0,0,0,0,0,0,0,0,0,0,0,0,0,0,0,0,0,0,0,0,0,0.12987012987013,0,0,0,0,0,0,0,0,0,0,0,0,14.8046514155301,0,0,0,0,0.209205020920502,0,0,0,0,0,0,0,0,0,0,0,0,0,0,4.80519480519481,0,0,0,0,0,0,0,0,0,0,0,0,0,0,0,0,0,0,0,0,0,0,0,0,0,0,0,0,0,0.234472640330381,0,0,0,0,0,0,0,0,0,0,0,0,0,0,0,0,0,0,0,0,0,0,0,0.728685540401022,0,0,0,0.313807531380753,0,0,0,0,0,0,0,0,0,0,0,0,0,0,0,0,0,0,0,0,0,0,0,0,0,0,0,11.6084334075966,0,1.09302831060153,0,0,0,0,0,0,0,0.364342770200511,0,0,0,0,0,0,0,0,0,0,"ngo",0,0,0,0,0,0,0,0,0,1.45737108080204,0,0,0,2.16432103461392,0,0,0,0,0,39.4297125468674,0,0,0,0,0,0,0,0,0,0,0,0,0,0.104602510460251,0,0,0
"52",0,0,0,0,0,0,0,0,0,0,0,0,0,0,0,0,0,0,0,0,0,0,0,0,0,0.66006600660066,3.3003300330033,0,2.31023102310231,0,0,0,0,0,0,0,0,0,0.33003300330033,0,0.99009900990099,0,0,0,0,0,0,0,0,0,3927,0,0,0,0,0,0,0,0,0,0,0,0,0,0,0,8.91089108910891,0,0,0,0,0,0,0,0,0,0,0,0,0,0,0,0,0,0,0,0,0,0,0,0,0,0,0,0.99009900990099,0,0,43.8943894389439,0,0,0,0,0,0,0,0,0,0,0,0,0,0,0,0.33003300330033,0,0,0,0,0,0,0,0,0,0,0,0,0,1.32013201320132,0,0,0,0,0,0.33003300330033,0,0,0,0,0,0,0,0,0,0,0,0,0,0,0,0,0,0,"(3.9e+03,4.4e+03]",0,0,0,0,0,0,0,0,0,0,0,0,0,0,0,0,0,0,0,0,0,0,0,0,0,0,0,0,0,0,0,0,0,0,0,0,0,0,0,0,0,0,0,0,0,0,0,0,0,0,0,0,0,0,0,1.98019801980198,0,0,0,0,0,0,0,3.96039603960396,0,0,0.33003300330033,0,0,0,0,0,0,0,0,0,0,0,0,0,0,0,0,0,0,3.96039603960396,0,0,0,0,0,0.99009900990099,0,0,0,0,0,0,0,0,0,0,0,0,0,0,0,0,0,0,0,0,0,0,0,0,0,0,0,0,0,0,0,0,0,0,0,0,0,2.64026402640264,0,0,0,0,0,3.63036303630363,0,0,0,0,0,0,0,0,0,0,0,0,0,0,0,0,0,0,0,0,0,0,0,0,0,18.8118811881188,0,0,0,0,0,0,0,0,0,0,0,0,0,0,0,0,0,0,0,0,"lou",0,0,0,0,0,0,0,0,0,0,0,0,0,0,0,0,0,0,0,0,0,0,0.33003300330033,0,0,0,0,0,0,0,0,0,0,0,0,0,0
"53",0,0,0,0,0,0,0,0,0,0,0,0,0,0,0,0,0,0,0,0,0,0,1.35628415300546,0,0,0.4,0,0,0.946448087431694,0,0,0,0,0,0,0,0,0,1.48633879781421,0,0,0,0,0,0,0,0,0,0,0,4116,0,0,0,0,0,0,0,0,0,0.533333333333333,0,0,0,0,7.31803278688525,0,0,0,0,0,0,0,0,0,0,0,0,0,0,0.4,0,0,0,0,0,0,0,0,0,0.666666666666667,0,0,0,0,0,0,0.533333333333333,0,0,0.4,0,0,0,0,0,0,0,0,0,0,0,0,0.666666666666667,0,0.266666666666667,0,0,0,0,0,0.133333333333333,0,0,0,0,0,0,0,0,0,0,0,35.3726775956284,0,0,0,0,0,0,0,0,0,0,0,0,0,0,0,0,0,0,"(3.9e+03,4.4e+03]",0,0,0,0,0,0,0,0,0,0,0,0,0,0,0,0,0,0,0,0,0,0,0,0,0,0,0,0,0,0,0,0,0.133333333333333,0,0,0,0,0,0,0,0,0,0,0,0,0,0,0,0,0,0,0,0,0,0,0,0,0,0,0,2.16939890710383,0,0,0,0,0,2.42950819672131,0,0,0,0,0,0,5.13879781420765,0,0,0,0.266666666666667,0,0,0,0,0,0,0,0.533333333333333,0,0,0,0,0,0,0,0,13.3475409836066,0,0,0,0,0,0,0,0,0,0,1.87978142076503,0,0,0,0,0,0,0,0,0,0,0,0,0,0,0,0,0,0,0,0,0,0,0,1.4896174863388,0,0.409836065573771,0,0,0,10.5934426229508,0,0,0,0,0,0,0,0,0,0,0,0,0,0,0,0,0,0,0,0,0.266666666666667,0,0,0,0,0.133333333333333,0,0,0,7.65901639344262,0,2.40327868852459,0,0,0.533333333333333,0,0,0,0,0,0,0,0,0,0,0.133333333333333,"vol",0,0,0,0,0,0,0,0,0,0,0,0,0,0,0,0,0,0,0,0,0,0,0,0,0,0,0,0,0,0,0,0,0,0,0,0,0
"54",0,0,0,0,0,0,0,0,0,0,0,0,0,0,0.117647058823529,0,0,0,0,0,0.117647058823529,0,0,0,0,0,0,0,0,0,0,0,0,0,0,0,0,0,0,0,0,0,0,0,0,0,0,0,0,0,4197,0,0,0,0,0,0,0,0,0,0,0,0,0,0,0.89484913136239,0,0,0,0,0,0,0,0,0,0,0,0,0,0,3.84791222188357,0,0,0,0,0,0,0,0,0,0,0,0,0,0,0,0,0,0,0,0,0,0,0,0,0,0,0,0,0,0,0,0,0,0,0.953063090521183,0,0,0,0,0,0,0,0,0,0,0,0,0,0,0,0,0,92.527583053947,0,0,0,0,0,0,0,0,0,0,0,0,0,0,0,0,0,0,"(3.9e+03,4.4e+03]",0,0,0,0,0,0,0,0,0,0,0,0,0,0,0,0,0,0,0,0,0,0,0,0,0,0,0,0,0,0,0,0,0.117647058823529,0,0,0,0,0,0,0,0,0,0,0,0,0,0,0,0,0,0,0,0,0,0,0,0,0,0,0,0.470588235294118,0,0,0,0,0,0,0,0,0,0,0,0,0,0,0,0,0,0,0,0,0,0,0,0,0,0,0,0,0,0,0,0,0,0,0,0,0,0,0,0,0,0,0,0,0,0.117647058823529,0,0,0,0,0,0,0,0,0,0,0,0,0,0,0,0,0,0,0,0,0,0,0.235294117647059,0,0,0,0,0,0.235294117647059,0,0,0,0,0,0,0,0,0,0,0.117647058823529,0,0,0,0,0,0,0,0,0,0,0,0,0,0,0,0,0,0,0.129533678756477,0,0,0,0,0.117647058823529,0,0,0,0,0,0,0,0,0,0,0,"yac",0,0,0,0,0,0,0,0,0,0,0,0,0,0,0,0,0,0,0,0,0,0,0,0,0,0,0,0,0,0,0,0,0,0,0,0,0
"55",0,0,0,0,0,0,0,0,0,0,0,0,0.313479623824451,0,0,0,0,0,0,0,0,0,0,0,0,0,0,0,0.940438871473354,0,0,0,0,0,0,0,0,0,0,0,0,0,0,0,0,0,0,0,0,0,4278,0,0,0,0,0,0,0,0,0,0,0,0,0,0,0.313479623824451,0,0,0,0,0,0,0,0,0,0,0,0,0,0,0,0,0,0,0,0,0,0,0,0,0,0,0,0,0,0.940438871473354,0,13.4796238244514,0,0,0,0,0,0,0,0,0,0,0,0,0,0,0,0,0,0,0,0,0,0,0.626959247648903,0,10.9717868338558,0.313479623824451,0,0,0,0,0,0,0,0,0,0,0,0,0.313479623824451,0,0,0,0,0,0,0,0,0,0,0,0,0,0,0,"(3.9e+03,4.4e+03]",0,0,0,0,0,0,0,3.44827586206897,0,0,0,0,0,0,1.88087774294671,0.313479623824451,0,0,0,0,0,0,0,3.13479623824451,0,0,0,0,0,0,0,0,0,0,0,0,0,0,0,0,0,0,0,0,0,0,0,0,0,0,0,0,0,0,0,18.8087774294671,0,0,0,0,0,0,0,0,0,0,0,0,0,0,0,0,0,0,0,2.50783699059561,0,0,0,0,0,0,0,0,0,0,0,0,0,0,0,0,0,0,0,0,0,0,0,0,0,0,0,0,0,0,0,0,0,0,0,0,0,0,0,0,0,0,0,0,0,0,0,0,0,0,0,0,0,7.52351097178683,0,0,0,0.313479623824451,0,0,0,0,0,0,0,0,0,0,0,0,0,0,0,0,0,0,0,0,0,0,0,0,0,0,0,2.82131661442006,0,3.76175548589342,0,0,0,0,0,0,0,1.88087774294671,0,0,0,0,0,0,0,0,0,0,"ngo",0,0,0,0,0,0,0,0,0,12.2257053291536,0,0,0,0,0,0,0,0,0,13.166144200627,0,0,0,0,0,0,0,0,0,0,0,0,0,0,0,0,0
"56",0,0,0,0,0,0,0.702576112412178,0,0,0,0,0,0,0,0,0,0,0,0,0,0,0.234192037470726,0,0,0,0,0,0,0,0,0.234192037470726,0,0,0.234192037470726,0,1.17096018735363,0,0.234192037470726,0,0,0,0,0,0,0,0,0,0,0,0,4084.5,0,0,0,0,0,0,0,0,0,0,0,0,1.17096018735363,0,0,0,0,0,0,0,0,0,0,0,0,0,0,0,0,0,0,0,0,0,2.34192037470726,2.10772833723653,0.468384074941452,0,0,0,0,0,1.40515222482436,0,0,0,0,0.936768149882904,0,0,0,0,10.3044496487119,0,0,0,0,0,0,0,0,0,0,0,0,0,0,0,0,0,0,0,0,0,0,0,0,0,0,0,0,0,0,0,0,0,0,0,0,0,0,0,0,0,0,0,0,0,0,0,0,"(3.9e+03,4.4e+03]",0,0,0,0,0,0,0,0,0,0,0,0,0,0,0,0,0,0,0,0,0,0,0,0,0,0,0,0,0,0,0,0.936768149882904,0,0,0,0.702576112412178,0,0,0,0,0,0,0,0,0,0,0,0,0,0,0,0,0,0,0,0,0,0,0,0,0,0,0,0,0,0,0,0.234192037470726,0,0,0,0,59.7189695550351,0,0,0.702576112412178,0,0,0.468384074941452,0,0.234192037470726,0,0,0,0.234192037470726,0.468384074941452,0,0,0,1.87353629976581,0,1.17096018735363,0,0,0,0,0,0,0,0,0,0,0,0,0,0,0,0,0,0.234192037470726,0.702576112412178,0,1.87353629976581,0,0,1.40515222482436,0,0,0,0,0.234192037470726,0,0,0,0,0,0,0,0,0,1.63934426229508,0,0,0,0,0,0,0,0,0,0,0,0,0,0,0,0,0,0,0.234192037470726,0,0,0,0.234192037470726,0,0,0,0,0,0,0,0,1.40515222482436,0,0,0,0,0,0,0,0,0,0,0,0,0,0,0,0,0,0,0,"wai",0,0,0,0,0,0,0,0,0,0,0,0,0,0.234192037470726,0,0,0,0,0,0,0,0,0,0,0,0,0,0,0,0.702576112412178,0,1.87353629976581,0,0,0.234192037470726,0.702576112412178,0
"57",0,0.0861326442721792,0,0,0,0,0,0,0,0,0,0,0,0,0,0,0,0,0,0.459349639677509,0.0693000693000693,0,0,0,0,0.729638110499719,0,0,3.40558453406338,0,0,0,2.7106155394375,0,0,0.911787472976951,0,0.0861326442721792,0,0,0,0,5.54099071064378,0,0,0.263339969782974,0,0,0,0,4170.33333333333,0,0,0,1.5107030547366,0,0,0,0,0,0,0,0,0,0,0,0,0,0,0,0.251449431777301,0,0,0,0,0,0,0,0,0,0,0.241565357844428,0,0.0861326442721792,0,0,0,0,0,0,2.87199278811936,0,0,0,9.39700954950669,0,0,2.39770548577258,0,0,0,0,0,0,0,0,0,0,0,1.24045127857556,3.7808079935415,0,0.172265288544358,0,0,0,0,0,0,0.273224043715847,0,0,0.488072752655292,0,0,0.454407602711072,0,0.0910746812386157,0,0,0,0.246507394810864,0,0.258397932816538,0,0,1.29689500638795,0,0,0,0,0,2.55718928993805,0,0,0,0,0,0,0,0.368274958438893,0,"(3.9e+03,4.4e+03]",0,0,0,0,0,0.514789401560275,0,0,0,0.0861326442721792,0,0,0,0,1.63447708243743,0,0,0,0,0.557372821955361,0,0.445489332260205,0,0,0,0,0,0.385107533411003,0,0,0,0,0,0,0,0,0,0,0,0,0,0,0,0,0,0,0,0,0,0.732573683393355,0,0,0.0693000693000693,0,0,1.38302765066013,0,0.224732782872318,0,0,0,0,0,0,0,0.612812583838127,0,0.0861326442721792,0,0.155432713572248,0,0,0.696938764037506,0,0,0,0,0,0,0.0693000693000693,0,0,0,0,1.1850115166928,11.777845765646,0,0,0,0,0,0,0,0,0,0,0,0,0,0,0,0,0,0.696938764037506,0,26.3318173154239,0,0,0,0,0,0,0,0,0,0,0,0,0,0,0,0,0,0,0,1.11370498331993,0,0,2.21656008922498,0,0,0.739522184432592,0,0,0,0,1.94931874306636,0,0,0,0,0,0,0,0,0,0.0910746812386157,0,0,0,0,0,0,0,0,0,0,0,0,0,0,0,0,0,0,0,0,0.0910746812386157,0,0,0,0,0,0,0,0,0,0,0,0,0,0,"tag",0,0,0,0,0,0,0,0,0,0,0,0,0.411824182315986,1.73053049530366,0,0,0,0,0,0,0,0,0,0,0,0,0,1.76415895058671,0,0,0,0,0,0,0,0,0
"58",0,0,0,0,0,0,0,0,0,0,0,0,0,0,0,0,0,0,0,0,0.613496932515337,0,0.306748466257669,0,0,0.306748466257669,0,0,1.22699386503067,0,0,0,0,0,0,0,0,0,3.98773006134969,0,0,0,0,0,0,0,0,0,0,0,4424,0,0,0,0,0,0,0.306748466257669,0,0,0.306748466257669,0,0,0,0,6.44171779141104,0,0,0,0,0,0,0,0,0,0,0,0,0,0,0.306748466257669,0,0,0,0,0,0,0,0,0,0.920245398773006,0,0,0,0,0,0,1.84049079754601,0,0,0,0,0,0,0,0,0,0,0,0,0,0,0,0.613496932515337,0,0.306748466257669,0,0,0,0,0,1.22699386503067,0,0,0,0,0,0,0,0,0,0,0,24.5398773006135,0,0,0,0,0,0,0,0,0,0,0,0,0,0,0,0,0,0,"(4.4e+03,4.9e+03]",0,0,0,0,0,0,0,0,0,0,0,0,0,0,0,0,0,0,0,0,0,0.306748466257669,0,0,0,0,0,0,0,0,0,0,0,0,0,0,0,0,0,0,0,0,0,0,0,0,0,0,0,0,0,0,0,0,0,0,0,0,0,0,1.53374233128834,0,0,0,0,0,0.920245398773006,0,0,0,0,0,0,3.37423312883436,0,0,0,1.22699386503067,0,0,0,0,0,0,0,0.920245398773006,0,0,0,0,0,0,0,0,13.1901840490798,0,0,0,0,0,0,0,0,0,0,3.98773006134969,0,0,0,0,0,0,0,0,0,0,0,0,0,0,0,0,0,0,0,0,0,0.306748466257669,0,2.14723926380368,0,0.613496932515337,0,0,0,10.7361963190184,0,0,0,0,0,0,0,0,0,0,0.613496932515337,0,0,0,0,0,0,0,0,0,0.920245398773006,0,0,0,0,0,0,0,0,8.89570552147239,0,3.06748466257669,0,0,3.37423312883436,0.306748466257669,0,0,0,0,0,0,0,0,0,0.306748466257669,"vol",0,0,0,0,0,0,0,0,0,0,0,0,0,0,0,0,0,0,0,0,0,0,0,0,0,0,0,0,0,0,0,0,0,0,0,0,0
"59",0,0,0,0,0,0,0,0,0,0,0,0,0.23094688221709,0,0,0,0,0,0,0,0,0,0,0,0,0,0,0,0.46189376443418,0,0,0,0,0,0,0,0,0,0,0,0,0,0,0,0,0,0,0,0,0.23094688221709,4851,0,0,0,1.38568129330254,0,0,0,0,0,0,0,0,0,0,0.23094688221709,0,0,0,0,0,0,0,0,0,0,0,0,0,0,0,0,0,0,0,0,0,0,0,0,0,0,0,0,0,0,0,4.15704387990762,0,0,0,0,0,0,0,0,0,0,0,0,0,0,0,0,0,0,0,0,0,0.23094688221709,0.46189376443418,0,19.8614318706697,0.23094688221709,0,0,0,0,0,0,0,0,0,0,0,0,4.6189376443418,0,0,0,0,0,0,0,0,0,0,0,0,0.23094688221709,0,0,"(4.4e+03,4.9e+03]",0,0,0,0,0,0,0,0.23094688221709,0,0,0,0,0,0,1.15473441108545,0,0,0,0,0,0,0,0,3.46420323325635,0,0,0,0,0,0,0,0,0,0,0,0,0,0,0,0,0,0,0.23094688221709,0,0,0,0,0,0,0,0,0,0,0,0,11.3163972286374,0,0,0,0,0,0,0,0,0,0,0,0,0,0,0,0,0,0,0,6.23556581986143,0,0,0,0,0,0,0,0,0,0,0,0,0,0,0,0,0,0,0,0,0,0,0,0,0,0,0,0,0,1.15473441108545,0,0,0,0,0,0,0,0.46189376443418,0,0,0,0,0,0,0,0,0,0,0,0,0,0,0,0.92378752886836,0,0,0,0,0,0,0,0,0,0,0,0,0,0,0,0,0,0,0,0,0,0,0,0,0,0,0,0,0,0,0,8.54503464203233,0,10.3926096997691,0,0.23094688221709,0,0,0,0,0,2.3094688221709,0,0,0,0,0,0,0,0,0,0,"ngo",0,0,0,0,0,0,0,0,0,0,0,0,0,2.07852193995381,0,0,0,0,0,18.9376443418014,0,0,0,0,0,0,0,0,0,0,0,0,0,0,0,0,0
"60",0,0,0,0,0,0.145348837209302,0,0,0,0,0,0,0,0,0,0,0,0,0,0.553855569155447,0,0,0,0,0,0.290697674418605,0,0.394736842105263,5.22796817625459,0,0,0,3.91829865361077,0,0,1.31578947368421,0,0,0,0,0,0,4.15391676866585,0,0,0.976132190942472,0,0,0,0,4698,0,0,0,2.04253365973072,0.131578947368421,0,0,0,0,0,0,0,0,0,0,0,0,0,0,0.962362301101591,0,0,0,0,0,0,0,0,0,0,0,0,0.131578947368421,0,0,0,0,0,0,2.20165238678091,0,0,0,5.08261933904529,0,0,0.436046511627907,0,0,0,0,0,0,0,0,0,0,0,0.290697674418605,1.47490820073439,0,0.145348837209302,0,0,0,0,0,0,0,0,0,0.844553243574051,0.263157894736842,0,0.526315789473684,0.276927784577723,0,0,0,0,0,0,0,0,0,2.56884944920441,0,0,0,0,0,3.99479804161567,0,0,0,0.145348837209302,0,0,0,0,0,"(4.4e+03,4.9e+03]",0,0.131578947368421,0,0,0,1.00367197062423,0,0,0,0,0,0,0,0,1.23929008567931,0,0,0,0,0.567625458996328,0,0.276927784577723,0,0,0,0,0,0.131578947368421,0,0,0,0,0,0,0,0,0,0,0,0,0,0,0,0,0,0,0,0,0,1.28059975520196,0,0,0,0.131578947368421,0,1.79314565483476,0,0.263157894736842,0,0,0,0,0,0,0,0.276927784577723,0,0,0,0.145348837209302,0,0,0.145348837209302,0,0,0,0,0,0,0,0,0,0,0,2.40208078335373,14.7521419828641,0,0,0,0,0,0,0,0,0,0,0,0,0,0.263157894736842,0,0,0,0.685434516523868,0,28.0599755201958,0,0.131578947368421,0,0,0,0,0,0,0,0,0,0,0,0,0,0,0,0,0,0,0,0,0.817013463892289,0,0,0.83078335373317,0,0,0,0,0.976132190942472,0,0,0,0,0,0,0,0,0,0,0,0,0,0,0,0,0,0,0,0,0,0,0.263157894736842,0,0,0,0,0.131578947368421,0,0,0,0,0,0,0,0,0,0,0,0,0,0,0,0,0,"tag",0,0,0.131578947368421,0,0,0,0,0,0,0,0,0,1.00367197062423,1.29436964504284,0,0,0,0,0,0,0,0,0,0,0,0,0,2.37454100367197,0,0,0,0,0,0,0,0,0
